AUD/USD;
Date;Clôture
06/01/2014; $0,90 
07/01/2014; $0,89 
08/01/2014; $0,89 
09/01/2014; $0,89 
10/01/2014; $0,90 
13/01/2014; $0,91 
14/01/2014; $0,90 
15/01/2014; $0,89 
16/01/2014; $0,88 
17/01/2014; $0,88 
20/01/2014; $0,88 
21/01/2014; $0,88 
22/01/2014; $0,89 
23/01/2014; $0,88 
24/01/2014; $0,87 
27/01/2014; $0,87 
28/01/2014; $0,88 
29/01/2014; $0,87 
30/01/2014; $0,88 
31/01/2014; $0,88 
03/02/2014; $0,87 
04/02/2014; $0,89 
05/02/2014; $0,89 
06/02/2014; $0,90 
07/02/2014; $0,90 
10/02/2014; $0,89 
11/02/2014; $0,90 
12/02/2014; $0,90 
13/02/2014; $0,90 
14/02/2014; $0,90 
17/02/2014; $0,90 
18/02/2014; $0,90 
19/02/2014; $0,90 
20/02/2014; $0,90 
21/02/2014; $0,90 
24/02/2014; $0,90 
25/02/2014; $0,90 
26/02/2014; $0,90 
27/02/2014; $0,90 
28/02/2014; $0,89 
03/03/2014; $0,89 
04/03/2014; $0,89 
05/03/2014; $0,90 
06/03/2014; $0,91 
07/03/2014; $0,91 
10/03/2014; $0,90 
11/03/2014; $0,90 
12/03/2014; $0,90 
13/03/2014; $0,90 
14/03/2014; $0,90 
17/03/2014; $0,91 
18/03/2014; $0,91 
19/03/2014; $0,90 
20/03/2014; $0,90 
21/03/2014; $0,91 
24/03/2014; $0,91 
25/03/2014; $0,92 
26/03/2014; $0,92 
27/03/2014; $0,93 
28/03/2014; $0,92 
31/03/2014; $0,93 
01/04/2014; $0,92 
02/04/2014; $0,92 
03/04/2014; $0,92 
04/04/2014; $0,93 
07/04/2014; $0,93 
08/04/2014; $0,94 
09/04/2014; $0,94 
10/04/2014; $0,94 
11/04/2014; $0,94 
14/04/2014; $0,94 
15/04/2014; $0,94 
16/04/2014; $0,94 
17/04/2014; $0,93 
18/04/2014; $0,93 
21/04/2014; $0,93 
22/04/2014; $0,94 
23/04/2014; $0,93 
24/04/2014; $0,93 
25/04/2014; $0,93 
28/04/2014; $0,93 
29/04/2014; $0,93 
30/04/2014; $0,93 
01/05/2014; $0,93 
02/05/2014; $0,93 
05/05/2014; $0,93 
06/05/2014; $0,93 
07/05/2014; $0,93 
08/05/2014; $0,94 
09/05/2014; $0,94 
12/05/2014; $0,94 
13/05/2014; $0,94 
14/05/2014; $0,94 
15/05/2014; $0,94 
16/05/2014; $0,94 
19/05/2014; $0,93 
20/05/2014; $0,92 
21/05/2014; $0,92 
22/05/2014; $0,92 
23/05/2014; $0,92 
26/05/2014; $0,92 
27/05/2014; $0,93 
28/05/2014; $0,92 
29/05/2014; $0,93 
30/05/2014; $0,93 
02/06/2014; $0,92 
03/06/2014; $0,93 
04/06/2014; $0,93 
05/06/2014; $0,93 
06/06/2014; $0,93 
09/06/2014; $0,94 
10/06/2014; $0,94 
11/06/2014; $0,94 
12/06/2014; $0,94 
13/06/2014; $0,94 
16/06/2014; $0,94 
17/06/2014; $0,93 
18/06/2014; $0,94 
19/06/2014; $0,94 
20/06/2014; $0,94 
23/06/2014; $0,94 
24/06/2014; $0,94 
25/06/2014; $0,94 
26/06/2014; $0,94 
27/06/2014; $0,94 
30/06/2014; $0,94 
01/07/2014; $0,95 
02/07/2014; $0,94 
03/07/2014; $0,93 
04/07/2014; $0,94 
07/07/2014; $0,94 
08/07/2014; $0,94 
09/07/2014; $0,94 
10/07/2014; $0,94 
11/07/2014; $0,94 
14/07/2014; $0,94 
15/07/2014; $0,94 
16/07/2014; $0,94 
17/07/2014; $0,94 
18/07/2014; $0,94 
21/07/2014; $0,94 
22/07/2014; $0,94 
23/07/2014; $0,95 
24/07/2014; $0,94 
25/07/2014; $0,94 
28/07/2014; $0,94 
29/07/2014; $0,94 
30/07/2014; $0,93 
31/07/2014; $0,93 
01/08/2014; $0,93 
04/08/2014; $0,93 
05/08/2014; $0,93 
06/08/2014; $0,94 
07/08/2014; $0,93 
08/08/2014; $0,93 
11/08/2014; $0,93 
12/08/2014; $0,93 
13/08/2014; $0,93 
14/08/2014; $0,93 
15/08/2014; $0,93 
18/08/2014; $0,93 
19/08/2014; $0,93 
20/08/2014; $0,93 
21/08/2014; $0,93 
22/08/2014; $0,93 
25/08/2014; $0,93 
26/08/2014; $0,93 
27/08/2014; $0,93 
28/08/2014; $0,94 
29/08/2014; $0,93 
01/09/2014; $0,93 
02/09/2014; $0,93 
03/09/2014; $0,93 
04/09/2014; $0,93 
05/09/2014; $0,94 
08/09/2014; $0,93 
09/09/2014; $0,92 
10/09/2014; $0,92 
11/09/2014; $0,91 
12/09/2014; $0,90 
15/09/2014; $0,90 
16/09/2014; $0,91 
17/09/2014; $0,90 
18/09/2014; $0,90 
19/09/2014; $0,89 
22/09/2014; $0,89 
23/09/2014; $0,88 
24/09/2014; $0,89 
25/09/2014; $0,88 
26/09/2014; $0,88 
29/09/2014; $0,87 
30/09/2014; $0,87 
01/10/2014; $0,87 
02/10/2014; $0,88 
03/10/2014; $0,87 
06/10/2014; $0,88 
07/10/2014; $0,88 
08/10/2014; $0,88 
09/10/2014; $0,88 
10/10/2014; $0,87 
13/10/2014; $0,88 
14/10/2014; $0,87 
15/10/2014; $0,88 
16/10/2014; $0,88 
17/10/2014; $0,87 
20/10/2014; $0,88 
21/10/2014; $0,88 
22/10/2014; $0,88 
23/10/2014; $0,88 
24/10/2014; $0,88 
27/10/2014; $0,88 
28/10/2014; $0,89 
29/10/2014; $0,88 
30/10/2014; $0,88 
31/10/2014; $0,88 
03/11/2014; $0,87 
04/11/2014; $0,87 
05/11/2014; $0,86 
06/11/2014; $0,86 
07/11/2014; $0,86 
10/11/2014; $0,86 
11/11/2014; $0,87 
12/11/2014; $0,87 
13/11/2014; $0,87 
14/11/2014; $0,87 
17/11/2014; $0,87 
18/11/2014; $0,87 
19/11/2014; $0,86 
20/11/2014; $0,86 
21/11/2014; $0,87 
24/11/2014; $0,86 
25/11/2014; $0,85 
26/11/2014; $0,85 
27/11/2014; $0,85 
28/11/2014; $0,85 
01/12/2014; $0,85 
02/12/2014; $0,84 
03/12/2014; $0,84 
04/12/2014; $0,84 
05/12/2014; $0,83 
08/12/2014; $0,83 
09/12/2014; $0,83 
10/12/2014; $0,83 
11/12/2014; $0,83 
12/12/2014; $0,82 
15/12/2014; $0,82 
16/12/2014; $0,82 
17/12/2014; $0,81 
18/12/2014; $0,82 
19/12/2014; $0,81 
22/12/2014; $0,81 
23/12/2014; $0,81 
24/12/2014; $0,81 
25/12/2014; $0,81 
26/12/2014; $0,81 
29/12/2014; $0,81 
30/12/2014; $0,82 
31/12/2014; $0,82 
01/01/2015; $0,82 
02/01/2015; $0,81 
05/01/2015; $0,81 
06/01/2015; $0,81 
07/01/2015; $0,81 
08/01/2015; $0,81 
09/01/2015; $0,82 
12/01/2015; $0,82 
13/01/2015; $0,82 
14/01/2015; $0,81 
15/01/2015; $0,82 
16/01/2015; $0,82 
19/01/2015; $0,82 
20/01/2015; $0,82 
21/01/2015; $0,81 
22/01/2015; $0,80 
23/01/2015; $0,79 
26/01/2015; $0,79 
27/01/2015; $0,79 
28/01/2015; $0,79 
29/01/2015; $0,78 
30/01/2015; $0,78 
02/02/2015; $0,78 
03/02/2015; $0,78 
04/02/2015; $0,77 
05/02/2015; $0,78 
06/02/2015; $0,78 
09/02/2015; $0,78 
10/02/2015; $0,78 
11/02/2015; $0,77 
12/02/2015; $0,77 
13/02/2015; $0,78 
16/02/2015; $0,78 
17/02/2015; $0,78 
18/02/2015; $0,78 
19/02/2015; $0,78 
20/02/2015; $0,78 
23/02/2015; $0,78 
24/02/2015; $0,78 
25/02/2015; $0,79 
26/02/2015; $0,78 
27/02/2015; $0,78 
02/03/2015; $0,78 
03/03/2015; $0,78 
04/03/2015; $0,78 
05/03/2015; $0,78 
06/03/2015; $0,77 
09/03/2015; $0,77 
10/03/2015; $0,76 
11/03/2015; $0,76 
12/03/2015; $0,77 
13/03/2015; $0,76 
16/03/2015; $0,76 
17/03/2015; $0,76 
18/03/2015; $0,78 
19/03/2015; $0,76 
20/03/2015; $0,78 
23/03/2015; $0,79 
24/03/2015; $0,79 
25/03/2015; $0,78 
26/03/2015; $0,78 
27/03/2015; $0,77 
30/03/2015; $0,76 
31/03/2015; $0,76 
01/04/2015; $0,76 
02/04/2015; $0,76 
03/04/2015; $0,76 
06/04/2015; $0,76 
07/04/2015; $0,76 
08/04/2015; $0,77 
09/04/2015; $0,77 
10/04/2015; $0,77 
13/04/2015; $0,76 
14/04/2015; $0,76 
15/04/2015; $0,77 
16/04/2015; $0,78 
17/04/2015; $0,78 
20/04/2015; $0,77 
21/04/2015; $0,77 
22/04/2015; $0,78 
23/04/2015; $0,78 
24/04/2015; $0,78 
27/04/2015; $0,79 
28/04/2015; $0,80 
29/04/2015; $0,80 
30/04/2015; $0,79 
01/05/2015; $0,78 
04/05/2015; $0,78 
05/05/2015; $0,79 
06/05/2015; $0,80 
07/05/2015; $0,79 
08/05/2015; $0,79 
11/05/2015; $0,79 
12/05/2015; $0,80 
13/05/2015; $0,81 
14/05/2015; $0,81 
15/05/2015; $0,80 
18/05/2015; $0,80 
19/05/2015; $0,79 
20/05/2015; $0,79 
21/05/2015; $0,79 
22/05/2015; $0,78 
25/05/2015; $0,78 
26/05/2015; $0,77 
27/05/2015; $0,77 
28/05/2015; $0,76 
29/05/2015; $0,76 
01/06/2015; $0,76 
02/06/2015; $0,78 
03/06/2015; $0,78 
04/06/2015; $0,77 
05/06/2015; $0,76 
08/06/2015; $0,77 
09/06/2015; $0,77 
10/06/2015; $0,78 
11/06/2015; $0,78 
12/06/2015; $0,77 
15/06/2015; $0,78 
16/06/2015; $0,77 
17/06/2015; $0,77 
18/06/2015; $0,78 
19/06/2015; $0,78 
22/06/2015; $0,77 
23/06/2015; $0,77 
24/06/2015; $0,77 
25/06/2015; $0,77 
26/06/2015; $0,77 
29/06/2015; $0,77 
30/06/2015; $0,77 
01/07/2015; $0,76 
02/07/2015; $0,76 
03/07/2015; $0,75 
06/07/2015; $0,75 
07/07/2015; $0,74 
08/07/2015; $0,74 
09/07/2015; $0,74 
10/07/2015; $0,74 
13/07/2015; $0,74 
14/07/2015; $0,74 
15/07/2015; $0,74 
16/07/2015; $0,74 
17/07/2015; $0,74 
20/07/2015; $0,74 
21/07/2015; $0,74 
22/07/2015; $0,74 
23/07/2015; $0,74 
24/07/2015; $0,73 
27/07/2015; $0,73 
28/07/2015; $0,73 
29/07/2015; $0,73 
30/07/2015; $0,73 
31/07/2015; $0,73 
03/08/2015; $0,73 
04/08/2015; $0,74 
05/08/2015; $0,74 
06/08/2015; $0,73 
07/08/2015; $0,74 
10/08/2015; $0,74 
11/08/2015; $0,73 
12/08/2015; $0,74 
13/08/2015; $0,74 
14/08/2015; $0,74 
17/08/2015; $0,74 
18/08/2015; $0,73 
19/08/2015; $0,73 
20/08/2015; $0,73 
21/08/2015; $0,73 
24/08/2015; $0,72 
25/08/2015; $0,71 
26/08/2015; $0,71 
27/08/2015; $0,72 
28/08/2015; $0,72 
31/08/2015; $0,71 
01/09/2015; $0,70 
02/09/2015; $0,70 
03/09/2015; $0,70 
04/09/2015; $0,69 
07/09/2015; $0,69 
08/09/2015; $0,70 
09/09/2015; $0,70 
10/09/2015; $0,71 
11/09/2015; $0,71 
14/09/2015; $0,71 
15/09/2015; $0,71 
16/09/2015; $0,72 
17/09/2015; $0,72 
18/09/2015; $0,72 
21/09/2015; $0,71 
22/09/2015; $0,71 
23/09/2015; $0,70 
24/09/2015; $0,70 
25/09/2015; $0,70 
28/09/2015; $0,70 
29/09/2015; $0,70 
30/09/2015; $0,70 
01/10/2015; $0,70 
02/10/2015; $0,70 
05/10/2015; $0,71 
06/10/2015; $0,72 
07/10/2015; $0,72 
08/10/2015; $0,73 
09/10/2015; $0,73 
12/10/2015; $0,74 
13/10/2015; $0,72 
14/10/2015; $0,73 
15/10/2015; $0,73 
16/10/2015; $0,73 
19/10/2015; $0,72 
20/10/2015; $0,73 
21/10/2015; $0,72 
22/10/2015; $0,72 
23/10/2015; $0,72 
26/10/2015; $0,72 
27/10/2015; $0,72 
28/10/2015; $0,71 
29/10/2015; $0,71 
30/10/2015; $0,71 
02/11/2015; $0,71 
03/11/2015; $0,72 
04/11/2015; $0,71 
05/11/2015; $0,71 
06/11/2015; $0,70 
09/11/2015; $0,70 
10/11/2015; $0,70 
11/11/2015; $0,71 
12/11/2015; $0,71 
13/11/2015; $0,71 
16/11/2015; $0,71 
17/11/2015; $0,71 
18/11/2015; $0,71 
19/11/2015; $0,72 
20/11/2015; $0,72 
23/11/2015; $0,72 
24/11/2015; $0,73 
25/11/2015; $0,72 
26/11/2015; $0,72 
27/11/2015; $0,72 
30/11/2015; $0,72 
01/12/2015; $0,73 
02/12/2015; $0,73 
03/12/2015; $0,73 
04/12/2015; $0,73 
07/12/2015; $0,73 
08/12/2015; $0,72 
09/12/2015; $0,72 
10/12/2015; $0,73 
11/12/2015; $0,72 
14/12/2015; $0,72 
15/12/2015; $0,72 
16/12/2015; $0,72 
17/12/2015; $0,71 
18/12/2015; $0,72 
21/12/2015; $0,72 
22/12/2015; $0,72 
23/12/2015; $0,72 
24/12/2015; $0,73 
25/12/2015; $0,72 
28/12/2015; $0,72 
29/12/2015; $0,73 
30/12/2015; $0,73 
31/12/2015; $0,73 
01/01/2016; $0,73 
04/01/2016; $0,72 
05/01/2016; $0,72 
06/01/2016; $0,71 
07/01/2016; $0,70 
08/01/2016; $0,70 
11/01/2016; $0,70 
12/01/2016; $0,70 
13/01/2016; $0,70 
14/01/2016; $0,70 
15/01/2016; $0,69 
18/01/2016; $0,69 
19/01/2016; $0,69 
20/01/2016; $0,69 
21/01/2016; $0,70 
22/01/2016; $0,70 
25/01/2016; $0,70 
26/01/2016; $0,70 
27/01/2016; $0,70 
28/01/2016; $0,71 
29/01/2016; $0,71 
01/02/2016; $0,71 
02/02/2016; $0,70 
03/02/2016; $0,72 
04/02/2016; $0,72 
05/02/2016; $0,71 
08/02/2016; $0,71 
09/02/2016; $0,71 
10/02/2016; $0,71 
11/02/2016; $0,71 
12/02/2016; $0,71 
15/02/2016; $0,71 
16/02/2016; $0,71 
17/02/2016; $0,72 
18/02/2016; $0,72 
19/02/2016; $0,71 
22/02/2016; $0,72 
23/02/2016; $0,72 
24/02/2016; $0,72 
25/02/2016; $0,72 
26/02/2016; $0,71 
29/02/2016; $0,71 
01/03/2016; $0,72 
02/03/2016; $0,73 
03/03/2016; $0,73 
04/03/2016; $0,74 
07/03/2016; $0,75 
08/03/2016; $0,74 
09/03/2016; $0,75 
10/03/2016; $0,75 
11/03/2016; $0,76 
14/03/2016; $0,75 
15/03/2016; $0,75 
16/03/2016; $0,75 
17/03/2016; $0,76 
18/03/2016; $0,76 
21/03/2016; $0,76 
22/03/2016; $0,76 
23/03/2016; $0,75 
24/03/2016; $0,75 
25/03/2016; $0,75 
28/03/2016; $0,75 
29/03/2016; $0,76 
30/03/2016; $0,77 
31/03/2016; $0,77 
01/04/2016; $0,77 
04/04/2016; $0,76 
05/04/2016; $0,75 
06/04/2016; $0,76 
07/04/2016; $0,75 
08/04/2016; $0,76 
11/04/2016; $0,76 
12/04/2016; $0,77 
13/04/2016; $0,77 
14/04/2016; $0,77 
15/04/2016; $0,77 
18/04/2016; $0,77 
19/04/2016; $0,78 
20/04/2016; $0,78 
21/04/2016; $0,77 
22/04/2016; $0,77 
25/04/2016; $0,77 
26/04/2016; $0,77 
27/04/2016; $0,76 
28/04/2016; $0,76 
29/04/2016; $0,76 
02/05/2016; $0,77 
03/05/2016; $0,75 
04/05/2016; $0,75 
05/05/2016; $0,75 
06/05/2016; $0,74 
09/05/2016; $0,73 
10/05/2016; $0,74 
11/05/2016; $0,74 
12/05/2016; $0,73 
13/05/2016; $0,73 
16/05/2016; $0,73 
17/05/2016; $0,73 
18/05/2016; $0,72 
19/05/2016; $0,72 
20/05/2016; $0,72 
23/05/2016; $0,72 
24/05/2016; $0,72 
25/05/2016; $0,72 
26/05/2016; $0,72 
27/05/2016; $0,72 
30/05/2016; $0,72 
31/05/2016; $0,72 
01/06/2016; $0,73 
02/06/2016; $0,72 
03/06/2016; $0,74 
06/06/2016; $0,74 
07/06/2016; $0,75 
08/06/2016; $0,75 
09/06/2016; $0,74 
10/06/2016; $0,74 
13/06/2016; $0,74 
14/06/2016; $0,74 
15/06/2016; $0,74 
16/06/2016; $0,74 
17/06/2016; $0,74 
20/06/2016; $0,75 
21/06/2016; $0,74 
22/06/2016; $0,75 
23/06/2016; $0,76 
24/06/2016; $0,75 
27/06/2016; $0,73 
28/06/2016; $0,74 
29/06/2016; $0,74 
30/06/2016; $0,75 
01/07/2016; $0,75 
04/07/2016; $0,75 
05/07/2016; $0,75 
06/07/2016; $0,75 
07/07/2016; $0,75 
08/07/2016; $0,76 
11/07/2016; $0,75 
12/07/2016; $0,76 
13/07/2016; $0,76 
14/07/2016; $0,76 
15/07/2016; $0,76 
18/07/2016; $0,76 
19/07/2016; $0,75 
20/07/2016; $0,75 
21/07/2016; $0,75 
22/07/2016; $0,75 
25/07/2016; $0,75 
26/07/2016; $0,75 
27/07/2016; $0,75 
28/07/2016; $0,75 
29/07/2016; $0,76 
01/08/2016; $0,75 
02/08/2016; $0,76 
03/08/2016; $0,76 
04/08/2016; $0,76 
05/08/2016; $0,76 
08/08/2016; $0,77 
09/08/2016; $0,77 
10/08/2016; $0,77 
11/08/2016; $0,77 
12/08/2016; $0,76 
15/08/2016; $0,77 
16/08/2016; $0,77 
17/08/2016; $0,77 
18/08/2016; $0,77 
19/08/2016; $0,76 
22/08/2016; $0,76 
23/08/2016; $0,76 
24/08/2016; $0,76 
25/08/2016; $0,76 
26/08/2016; $0,76 
29/08/2016; $0,76 
30/08/2016; $0,75 
31/08/2016; $0,75 
01/09/2016; $0,76 
02/09/2016; $0,76 
05/09/2016; $0,76 
06/09/2016; $0,77 
07/09/2016; $0,77 
08/09/2016; $0,76 
09/09/2016; $0,75 
12/09/2016; $0,76 
13/09/2016; $0,75 
14/09/2016; $0,75 
15/09/2016; $0,75 
16/09/2016; $0,75 
19/09/2016; $0,75 
20/09/2016; $0,76 
21/09/2016; $0,76 
22/09/2016; $0,76 
23/09/2016; $0,76 
26/09/2016; $0,76 
27/09/2016; $0,77 
28/09/2016; $0,77 
29/09/2016; $0,76 
30/09/2016; $0,77 
03/10/2016; $0,77 
04/10/2016; $0,76 
05/10/2016; $0,76 
06/10/2016; $0,76 
07/10/2016; $0,76 
10/10/2016; $0,76 
11/10/2016; $0,75 
12/10/2016; $0,76 
13/10/2016; $0,76 
14/10/2016; $0,76 
17/10/2016; $0,76 
18/10/2016; $0,77 
19/10/2016; $0,77 
20/10/2016; $0,76 
21/10/2016; $0,76 
24/10/2016; $0,76 
25/10/2016; $0,76 
26/10/2016; $0,76 
27/10/2016; $0,76 
28/10/2016; $0,76 
31/10/2016; $0,76 
01/11/2016; $0,76 
02/11/2016; $0,77 
03/11/2016; $0,77 
04/11/2016; $0,77 
07/11/2016; $0,77 
08/11/2016; $0,78 
09/11/2016; $0,76 
10/11/2016; $0,76 
11/11/2016; $0,76 
14/11/2016; $0,76 
15/11/2016; $0,76 
16/11/2016; $0,75 
17/11/2016; $0,74 
18/11/2016; $0,73 
21/11/2016; $0,74 
22/11/2016; $0,74 
23/11/2016; $0,74 
24/11/2016; $0,74 
25/11/2016; $0,74 
28/11/2016; $0,75 
29/11/2016; $0,75 
30/11/2016; $0,74 
01/12/2016; $0,74 
02/12/2016; $0,75 
05/12/2016; $0,75 
06/12/2016; $0,75 
07/12/2016; $0,75 
08/12/2016; $0,75 
09/12/2016; $0,75 
12/12/2016; $0,75 
13/12/2016; $0,75 
14/12/2016; $0,74 
15/12/2016; $0,74 
16/12/2016; $0,73 
19/12/2016; $0,72 
20/12/2016; $0,73 
21/12/2016; $0,72 
22/12/2016; $0,72 
23/12/2016; $0,72 
26/12/2016; $0,72 
27/12/2016; $0,72 
28/12/2016; $0,72 
29/12/2016; $0,72 
30/12/2016; $0,72 
02/01/2017; $0,72 
03/01/2017; $0,72 
04/01/2017; $0,73 
05/01/2017; $0,73 
06/01/2017; $0,73 
09/01/2017; $0,74 
10/01/2017; $0,74 
11/01/2017; $0,74 
12/01/2017; $0,75 
13/01/2017; $0,75 
16/01/2017; $0,75 
17/01/2017; $0,76 
18/01/2017; $0,75 
19/01/2017; $0,76 
20/01/2017; $0,76 
23/01/2017; $0,76 
24/01/2017; $0,76 
25/01/2017; $0,76 
26/01/2017; $0,75 
27/01/2017; $0,75 
30/01/2017; $0,76 
31/01/2017; $0,76 
01/02/2017; $0,76 
02/02/2017; $0,77 
03/02/2017; $0,77 
06/02/2017; $0,77 
07/02/2017; $0,76 
08/02/2017; $0,76 
09/02/2017; $0,76 
10/02/2017; $0,77 
13/02/2017; $0,76 
14/02/2017; $0,77 
15/02/2017; $0,77 
16/02/2017; $0,77 
17/02/2017; $0,77 
20/02/2017; $0,77 
21/02/2017; $0,77 
22/02/2017; $0,77 
23/02/2017; $0,77 
24/02/2017; $0,77 
27/02/2017; $0,77 
28/02/2017; $0,77 
01/03/2017; $0,77 
02/03/2017; $0,76 
03/03/2017; $0,76 
06/03/2017; $0,76 
07/03/2017; $0,76 
08/03/2017; $0,75 
09/03/2017; $0,75 
10/03/2017; $0,75 
13/03/2017; $0,76 
14/03/2017; $0,76 
15/03/2017; $0,77 
16/03/2017; $0,77 
17/03/2017; $0,77 
20/03/2017; $0,77 
21/03/2017; $0,77 
22/03/2017; $0,77 
23/03/2017; $0,76 
24/03/2017; $0,76 
27/03/2017; $0,76 
28/03/2017; $0,76 
29/03/2017; $0,77 
30/03/2017; $0,76 
31/03/2017; $0,76 
03/04/2017; $0,76 
04/04/2017; $0,76 
05/04/2017; $0,76 
06/04/2017; $0,75 
07/04/2017; $0,75 
10/04/2017; $0,75 
11/04/2017; $0,75 
12/04/2017; $0,75 
13/04/2017; $0,76 
14/04/2017; $0,76 
17/04/2017; $0,76 
18/04/2017; $0,76 
19/04/2017; $0,75 
20/04/2017; $0,75 
21/04/2017; $0,75 
24/04/2017; $0,76 
25/04/2017; $0,75 
26/04/2017; $0,75 
27/04/2017; $0,75 
28/04/2017; $0,75 
01/05/2017; $0,75 
02/05/2017; $0,75 
03/05/2017; $0,74 
04/05/2017; $0,74 
05/05/2017; $0,74 
08/05/2017; $0,74 
09/05/2017; $0,73 
10/05/2017; $0,74 
11/05/2017; $0,74 
12/05/2017; $0,74 
15/05/2017; $0,74 
16/05/2017; $0,74 
17/05/2017; $0,74 
18/05/2017; $0,74 
19/05/2017; $0,75 
22/05/2017; $0,75 
23/05/2017; $0,75 
24/05/2017; $0,75 
25/05/2017; $0,75 
26/05/2017; $0,74 
29/05/2017; $0,74 
30/05/2017; $0,75 
31/05/2017; $0,74 
01/06/2017; $0,74 
02/06/2017; $0,74 
05/06/2017; $0,75 
06/06/2017; $0,75 
07/06/2017; $0,75 
08/06/2017; $0,75 
09/06/2017; $0,75 
12/06/2017; $0,75 
13/06/2017; $0,75 
14/06/2017; $0,76 
15/06/2017; $0,76 
16/06/2017; $0,76 
19/06/2017; $0,76 
20/06/2017; $0,76 
21/06/2017; $0,76 
22/06/2017; $0,75 
23/06/2017; $0,76 
26/06/2017; $0,76 
27/06/2017; $0,76 
28/06/2017; $0,76 
29/06/2017; $0,77 
30/06/2017; $0,77 
03/07/2017; $0,77 
04/07/2017; $0,76 
05/07/2017; $0,76 
06/07/2017; $0,76 
07/07/2017; $0,76 
10/07/2017; $0,76 
11/07/2017; $0,76 
12/07/2017; $0,77 
13/07/2017; $0,77 
14/07/2017; $0,78 
17/07/2017; $0,78 
18/07/2017; $0,79 
19/07/2017; $0,79 
20/07/2017; $0,80 
21/07/2017; $0,79 
24/07/2017; $0,79 
25/07/2017; $0,79 
26/07/2017; $0,80 
27/07/2017; $0,80 
28/07/2017; $0,80 
31/07/2017; $0,80 
01/08/2017; $0,80 
02/08/2017; $0,80 
03/08/2017; $0,79 
04/08/2017; $0,79 
07/08/2017; $0,79 
08/08/2017; $0,79 
09/08/2017; $0,79 
10/08/2017; $0,79 
11/08/2017; $0,79 
14/08/2017; $0,78 
15/08/2017; $0,78 
16/08/2017; $0,79 
17/08/2017; $0,79 
18/08/2017; $0,79 
21/08/2017; $0,79 
22/08/2017; $0,79 
23/08/2017; $0,79 
24/08/2017; $0,79 
25/08/2017; $0,79 
28/08/2017; $0,80 
29/08/2017; $0,79 
30/08/2017; $0,79 
31/08/2017; $0,79 
01/09/2017; $0,80 
04/09/2017; $0,79 
05/09/2017; $0,80 
06/09/2017; $0,80 
07/09/2017; $0,80 
08/09/2017; $0,81 
11/09/2017; $0,80 
12/09/2017; $0,80 
13/09/2017; $0,80 
14/09/2017; $0,80 
15/09/2017; $0,80 
18/09/2017; $0,80 
19/09/2017; $0,80 
20/09/2017; $0,80 
21/09/2017; $0,79 
22/09/2017; $0,80 
25/09/2017; $0,79 
26/09/2017; $0,79 
27/09/2017; $0,78 
28/09/2017; $0,79 
29/09/2017; $0,78 
02/10/2017; $0,78 
03/10/2017; $0,78 
04/10/2017; $0,79 
05/10/2017; $0,78 
06/10/2017; $0,78 
09/10/2017; $0,78 
10/10/2017; $0,78 
11/10/2017; $0,78 
12/10/2017; $0,78 
13/10/2017; $0,79 
16/10/2017; $0,79 
17/10/2017; $0,78 
18/10/2017; $0,78 
19/10/2017; $0,79 
20/10/2017; $0,78 
23/10/2017; $0,78 
24/10/2017; $0,78 
25/10/2017; $0,77 
26/10/2017; $0,77 
27/10/2017; $0,77 
30/10/2017; $0,77 
31/10/2017; $0,77 
01/11/2017; $0,77 
02/11/2017; $0,77 
03/11/2017; $0,77 
06/11/2017; $0,77 
07/11/2017; $0,76 
08/11/2017; $0,77 
09/11/2017; $0,77 
10/11/2017; $0,77 
13/11/2017; $0,76 
14/11/2017; $0,76 
15/11/2017; $0,76 
16/11/2017; $0,76 
17/11/2017; $0,76 
20/11/2017; $0,75 
21/11/2017; $0,76 
22/11/2017; $0,76 
23/11/2017; $0,76 
24/11/2017; $0,76 
27/11/2017; $0,76 
28/11/2017; $0,76 
29/11/2017; $0,76 
30/11/2017; $0,76 
01/12/2017; $0,76 
04/12/2017; $0,76 
05/12/2017; $0,76 
06/12/2017; $0,76 
07/12/2017; $0,75 
08/12/2017; $0,75 
11/12/2017; $0,75 
12/12/2017; $0,76 
13/12/2017; $0,76 
14/12/2017; $0,77 
15/12/2017; $0,76 
18/12/2017; $0,77 
19/12/2017; $0,77 
20/12/2017; $0,77 
21/12/2017; $0,77 
22/12/2017; $0,77 
25/12/2017; $0,77 
26/12/2017; $0,77 
27/12/2017; $0,78 
28/12/2017; $0,78 
29/12/2017; $0,78 
01/01/2018; $0,78 
02/01/2018; $0,78 
03/01/2018; $0,78 
04/01/2018; $0,79 
05/01/2018; $0,79 
08/01/2018; $0,78 
09/01/2018; $0,78 
10/01/2018; $0,78 
11/01/2018; $0,79 
12/01/2018; $0,79 
15/01/2018; $0,80 
16/01/2018; $0,80 
17/01/2018; $0,80 
18/01/2018; $0,80 
19/01/2018; $0,80 
22/01/2018; $0,80 
23/01/2018; $0,80 
24/01/2018; $0,81 
25/01/2018; $0,80 
26/01/2018; $0,81 
29/01/2018; $0,81 
30/01/2018; $0,81 
31/01/2018; $0,81 
01/02/2018; $0,80 
02/02/2018; $0,79 
05/02/2018; $0,79 
06/02/2018; $0,79 
07/02/2018; $0,78 
08/02/2018; $0,78 
09/02/2018; $0,78 
12/02/2018; $0,79 
13/02/2018; $0,79 
14/02/2018; $0,79 
15/02/2018; $0,79 
16/02/2018; $0,79 
19/02/2018; $0,79 
20/02/2018; $0,79 
21/02/2018; $0,78 
22/02/2018; $0,78 
23/02/2018; $0,78 
26/02/2018; $0,79 
27/02/2018; $0,78 
28/02/2018; $0,78 
01/03/2018; $0,78 
02/03/2018; $0,78 
05/03/2018; $0,78 
06/03/2018; $0,78 
07/03/2018; $0,78 
08/03/2018; $0,78 
09/03/2018; $0,78 
12/03/2018; $0,79 
13/03/2018; $0,79 
14/03/2018; $0,79 
15/03/2018; $0,78 
16/03/2018; $0,77 
19/03/2018; $0,77 
20/03/2018; $0,77 
21/03/2018; $0,78 
22/03/2018; $0,77 
23/03/2018; $0,77 
26/03/2018; $0,77 
27/03/2018; $0,77 
28/03/2018; $0,77 
29/03/2018; $0,77 
30/03/2018; $0,77 
02/04/2018; $0,77 
03/04/2018; $0,77 
04/04/2018; $0,77 
05/04/2018; $0,77 
06/04/2018; $0,77 
09/04/2018; $0,77 
10/04/2018; $0,78 
11/04/2018; $0,78 
12/04/2018; $0,78 
13/04/2018; $0,78 
16/04/2018; $0,78 
17/04/2018; $0,78 
18/04/2018; $0,78 
19/04/2018; $0,77 
20/04/2018; $0,77 
23/04/2018; $0,76 
24/04/2018; $0,76 
25/04/2018; $0,76 
26/04/2018; $0,76 
27/04/2018; $0,76 
30/04/2018; $0,75 
01/05/2018; $0,75 
02/05/2018; $0,75 
03/05/2018; $0,75 
04/05/2018; $0,75 
07/05/2018; $0,75 
08/05/2018; $0,75 
09/05/2018; $0,75 
10/05/2018; $0,75 
11/05/2018; $0,75 
14/05/2018; $0,75 
15/05/2018; $0,75 
16/05/2018; $0,75 
17/05/2018; $0,75 
18/05/2018; $0,75 
21/05/2018; $0,76 
22/05/2018; $0,76 
23/05/2018; $0,76 
24/05/2018; $0,76 
25/05/2018; $0,75 
28/05/2018; $0,75 
29/05/2018; $0,75 
30/05/2018; $0,76 
31/05/2018; $0,76 
01/06/2018; $0,76 
04/06/2018; $0,76 
05/06/2018; $0,76 
06/06/2018; $0,77 
07/06/2018; $0,76 
08/06/2018; $0,76 
11/06/2018; $0,76 
12/06/2018; $0,76 
13/06/2018; $0,76 
14/06/2018; $0,75 
15/06/2018; $0,74 
18/06/2018; $0,74 
19/06/2018; $0,74 
20/06/2018; $0,74 
21/06/2018; $0,74 
22/06/2018; $0,74 
25/06/2018; $0,74 
26/06/2018; $0,74 
27/06/2018; $0,73 
28/06/2018; $0,74 
29/06/2018; $0,74 
02/07/2018; $0,73 
03/07/2018; $0,74 
04/07/2018; $0,74 
05/07/2018; $0,74 
06/07/2018; $0,74 
09/07/2018; $0,75 
10/07/2018; $0,75 
11/07/2018; $0,74 
12/07/2018; $0,74 
13/07/2018; $0,74 
16/07/2018; $0,74 
17/07/2018; $0,74 
18/07/2018; $0,74 
19/07/2018; $0,74 
20/07/2018; $0,74 
23/07/2018; $0,74 
24/07/2018; $0,74 
25/07/2018; $0,75 
26/07/2018; $0,74 
27/07/2018; $0,74 
30/07/2018; $0,74 
31/07/2018; $0,74 
01/08/2018; $0,74 
02/08/2018; $0,74 
03/08/2018; $0,74 
06/08/2018; $0,74 
07/08/2018; $0,74 
08/08/2018; $0,74 
09/08/2018; $0,74 
10/08/2018; $0,73 
13/08/2018; $0,73 
14/08/2018; $0,72 
15/08/2018; $0,72 
16/08/2018; $0,73 
17/08/2018; $0,73 
20/08/2018; $0,73 
21/08/2018; $0,74 
22/08/2018; $0,73 
23/08/2018; $0,72 
24/08/2018; $0,73 
27/08/2018; $0,74 
28/08/2018; $0,73 
29/08/2018; $0,73 
30/08/2018; $0,73 
31/08/2018; $0,72 
03/09/2018; $0,72 
04/09/2018; $0,72 
05/09/2018; $0,72 
06/09/2018; $0,72 
07/09/2018; $0,71 
10/09/2018; $0,71 
11/09/2018; $0,71 
12/09/2018; $0,72 
13/09/2018; $0,72 
14/09/2018; $0,72 
17/09/2018; $0,72 
18/09/2018; $0,72 
19/09/2018; $0,73 
20/09/2018; $0,73 
21/09/2018; $0,73 
24/09/2018; $0,73 
25/09/2018; $0,73 
26/09/2018; $0,73 
27/09/2018; $0,72 
28/09/2018; $0,72 
01/10/2018; $0,72 
02/10/2018; $0,72 
03/10/2018; $0,71 
04/10/2018; $0,71 
05/10/2018; $0,71 
08/10/2018; $0,71 
09/10/2018; $0,71 
10/10/2018; $0,71 
11/10/2018; $0,71 
12/10/2018; $0,71 
15/10/2018; $0,71 
16/10/2018; $0,71 
17/10/2018; $0,71 
18/10/2018; $0,71 
19/10/2018; $0,71 
22/10/2018; $0,71 
23/10/2018; $0,71 
24/10/2018; $0,71 
25/10/2018; $0,71 
26/10/2018; $0,71 
29/10/2018; $0,71 
30/10/2018; $0,71 
31/10/2018; $0,71 
01/11/2018; $0,72 
02/11/2018; $0,72 
05/11/2018; $0,72 
06/11/2018; $0,72 
07/11/2018; $0,73 
08/11/2018; $0,73 
09/11/2018; $0,72 
12/11/2018; $0,72 
13/11/2018; $0,72 
14/11/2018; $0,72 
15/11/2018; $0,73 
16/11/2018; $0,73 
19/11/2018; $0,73 
20/11/2018; $0,72 
21/11/2018; $0,73 
22/11/2018; $0,73 
23/11/2018; $0,72 
26/11/2018; $0,72 
27/11/2018; $0,72 
28/11/2018; $0,73 
29/11/2018; $0,73 
30/11/2018; $0,73 
03/12/2018; $0,74 
04/12/2018; $0,73 
05/12/2018; $0,73 
06/12/2018; $0,72 
07/12/2018; $0,72 
10/12/2018; $0,72 
11/12/2018; $0,72 
12/12/2018; $0,72 
13/12/2018; $0,72 
14/12/2018; $0,72 
17/12/2018; $0,72 
18/12/2018; $0,72 
19/12/2018; $0,71 
20/12/2018; $0,71 
21/12/2018; $0,70 
24/12/2018; $0,71 
25/12/2018; $0,70 
26/12/2018; $0,71 
27/12/2018; $0,70 
28/12/2018; $0,70 
31/12/2018; $0,70 
01/01/2019; $0,71 
02/01/2019; $0,70 
03/01/2019; $0,70 
04/01/2019; $0,71 
07/01/2019; $0,71 
08/01/2019; $0,71 
09/01/2019; $0,72 
10/01/2019; $0,72 
11/01/2019; $0,72 
14/01/2019; $0,72 
15/01/2019; $0,72 
16/01/2019; $0,72 
17/01/2019; $0,72 
18/01/2019; $0,72 
21/01/2019; $0,72 
23/01/2019; $0,71 
24/01/2019; $0,71 
25/01/2019; $0,72 
28/01/2019; $0,72 
29/01/2019; $0,72 
30/01/2019; $0,72 
31/01/2019; $0,73 
01/02/2019; $0,72 
04/02/2019; $0,72 
05/02/2019; $0,72 
06/02/2019; $0,71 
07/02/2019; $0,71 
08/02/2019; $0,71 
11/02/2019; $0,71 
12/02/2019; $0,71 
13/02/2019; $0,71 
14/02/2019; $0,71 
15/02/2019; $0,71 
18/02/2019; $0,71 
19/02/2019; $0,72 
20/02/2019; $0,72 
21/02/2019; $0,71 
22/02/2019; $0,71 
25/02/2019; $0,72 
26/02/2019; $0,72 
27/02/2019; $0,71 
28/02/2019; $0,71 
01/03/2019; $0,71 
04/03/2019; $0,71 
05/03/2019; $0,71 
06/03/2019; $0,70 
07/03/2019; $0,70 
08/03/2019; $0,70 
11/03/2019; $0,71 
12/03/2019; $0,71 
13/03/2019; $0,71 
14/03/2019; $0,71 
15/03/2019; $0,71 
18/03/2019; $0,71 
19/03/2019; $0,71 
20/03/2019; $0,71 
21/03/2019; $0,71 
22/03/2019; $0,71 
25/03/2019; $0,71 
26/03/2019; $0,71 
27/03/2019; $0,71 
28/03/2019; $0,71 
29/03/2019; $0,71 
01/04/2019; $0,71 
02/04/2019; $0,71 
03/04/2019; $0,71 
04/04/2019; $0,71 
05/04/2019; $0,71 
08/04/2019; $0,71 
09/04/2019; $0,71 
10/04/2019; $0,72 
11/04/2019; $0,71 
12/04/2019; $0,72 
15/04/2019; $0,72 
16/04/2019; $0,72 
17/04/2019; $0,72 
18/04/2019; $0,72 
19/04/2019; $0,72 
22/04/2019; $0,71 
23/04/2019; $0,71 
24/04/2019; $0,70 
25/04/2019; $0,70 
26/04/2019; $0,70 
29/04/2019; $0,71 
30/04/2019; $0,70 
01/05/2019; $0,70 
02/05/2019; $0,70 
03/05/2019; $0,70 
06/05/2019; $0,70 
07/05/2019; $0,70 
08/05/2019; $0,70 
09/05/2019; $0,70 
10/05/2019; $0,70 
13/05/2019; $0,69 
14/05/2019; $0,69 
16/05/2019; $0,69 
17/05/2019; $0,69 
20/05/2019; $0,69 
21/05/2019; $0,69 
22/05/2019; $0,69 
23/05/2019; $0,69 
24/05/2019; $0,69 
27/05/2019; $0,69 
28/05/2019; $0,69 
29/05/2019; $0,69 
30/05/2019; $0,69 
31/05/2019; $0,69 
03/06/2019; $0,70 
04/06/2019; $0,70 
05/06/2019; $0,70 
06/06/2019; $0,70 
07/06/2019; $0,70 
10/06/2019; $0,70 
11/06/2019; $0,70 
12/06/2019; $0,69 
13/06/2019; $0,69 
14/06/2019; $0,69 
17/06/2019; $0,69 
18/06/2019; $0,69 
19/06/2019; $0,69 
20/06/2019; $0,69 
21/06/2019; $0,69 
24/06/2019; $0,70 
25/06/2019; $0,70 
26/06/2019; $0,70 
27/06/2019; $0,70 
28/06/2019; $0,70 
01/07/2019; $0,70 
02/07/2019; $0,70 
03/07/2019; $0,70 
04/07/2019; $0,70 
05/07/2019; $0,70 
08/07/2019; $0,70 
09/07/2019; $0,69 
10/07/2019; $0,70 
11/07/2019; $0,70 
12/07/2019; $0,70 
15/07/2019; $0,70 
16/07/2019; $0,70 
17/07/2019; $0,70 
18/07/2019; $0,71 
19/07/2019; $0,70 
22/07/2019; $0,70 
23/07/2019; $0,70 
24/07/2019; $0,70 
25/07/2019; $0,70 
26/07/2019; $0,69 
29/07/2019; $0,69 
30/07/2019; $0,69 
31/07/2019; $0,68 
01/08/2019; $0,68 
02/08/2019; $0,68 
05/08/2019; $0,68 
06/08/2019; $0,68 
07/08/2019; $0,68 
08/08/2019; $0,68 
09/08/2019; $0,68 
12/08/2019; $0,68 
13/08/2019; $0,68 
14/08/2019; $0,67 
15/08/2019; $0,68 
16/08/2019; $0,68 
19/08/2019; $0,68 
20/08/2019; $0,68 
21/08/2019; $0,68 
22/08/2019; $0,68 
23/08/2019; $0,68 
26/08/2019; $0,68 
27/08/2019; $0,68 
28/08/2019; $0,67 
29/08/2019; $0,67 
30/08/2019; $0,67 
02/09/2019; $0,67 
03/09/2019; $0,68 
04/09/2019; $0,68 
05/09/2019; $0,68 
06/09/2019; $0,68 
09/09/2019; $0,69 
10/09/2019; $0,69 
11/09/2019; $0,69 
12/09/2019; $0,69 
13/09/2019; $0,69 
16/09/2019; $0,69 
17/09/2019; $0,69 
18/09/2019; $0,68 
19/09/2019; $0,68 
20/09/2019; $0,68 
23/09/2019; $0,68 
24/09/2019; $0,68 
25/09/2019; $0,68 
26/09/2019; $0,67 
27/09/2019; $0,68 
30/09/2019; $0,67 
01/10/2019; $0,67 
02/10/2019; $0,67 
03/10/2019; $0,67 
04/10/2019; $0,68 
07/10/2019; $0,67 
08/10/2019; $0,67 
09/10/2019; $0,67 
10/10/2019; $0,68 
11/10/2019; $0,68 
14/10/2019; $0,68 
15/10/2019; $0,68 
16/10/2019; $0,68 
17/10/2019; $0,68 
18/10/2019; $0,69 
21/10/2019; $0,69 
22/10/2019; $0,69 
23/10/2019; $0,69 
24/10/2019; $0,68 
25/10/2019; $0,68 
28/10/2019; $0,68 
29/10/2019; $0,69 
30/10/2019; $0,69 
31/10/2019; $0,69 
01/11/2019; $0,69 
04/11/2019; $0,69 
05/11/2019; $0,69 
06/11/2019; $0,69 
07/11/2019; $0,69 
08/11/2019; $0,69 
11/11/2019; $0,68 
12/11/2019; $0,68 
13/11/2019; $0,68 
14/11/2019; $0,68 
15/11/2019; $0,68 
18/11/2019; $0,68 
19/11/2019; $0,68 
20/11/2019; $0,68 
21/11/2019; $0,68 
22/11/2019; $0,68 
25/11/2019; $0,68 
26/11/2019; $0,68 
27/11/2019; $0,68 
28/11/2019; $0,68 
29/11/2019; $0,68 
02/12/2019; $0,68 
03/12/2019; $0,68 
04/12/2019; $0,68 
05/12/2019; $0,68 
06/12/2019; $0,68 
09/12/2019; $0,68 
10/12/2019; $0,68 
11/12/2019; $0,69 
12/12/2019; $0,69 
13/12/2019; $0,69 
16/12/2019; $0,69 
17/12/2019; $0,69 
18/12/2019; $0,69 
19/12/2019; $0,69 
20/12/2019; $0,69 
23/12/2019; $0,69 
24/12/2019; $0,69 
25/12/2019; $0,69 
26/12/2019; $0,69 
27/12/2019; $0,70 
30/12/2019; $0,70 
31/12/2019; $0,70 
01/01/2020; $0,70 
02/01/2020; $0,70 
03/01/2020; $0,70 
06/01/2020; $0,69 
07/01/2020; $0,69 
08/01/2020; $0,69 
09/01/2020; $0,69 
10/01/2020; $0,69 
13/01/2020; $0,69 
14/01/2020; $0,69 
15/01/2020; $0,69 
16/01/2020; $0,69 
17/01/2020; $0,69 
20/01/2020; $0,69 
21/01/2020; $0,68 
22/01/2020; $0,68 
23/01/2020; $0,68 
24/01/2020; $0,68 
27/01/2020; $0,68 
28/01/2020; $0,68 
29/01/2020; $0,68 
30/01/2020; $0,67 
31/01/2020; $0,67 
03/02/2020; $0,67 
04/02/2020; $0,67 
05/02/2020; $0,67 
06/02/2020; $0,67 
07/02/2020; $0,67 
10/02/2020; $0,67 
11/02/2020; $0,67 
12/02/2020; $0,67 
13/02/2020; $0,67 
14/02/2020; $0,67 
17/02/2020; $0,67 
18/02/2020; $0,67 
19/02/2020; $0,67 
20/02/2020; $0,66 
21/02/2020; $0,66 
24/02/2020; $0,66 
25/02/2020; $0,66 
26/02/2020; $0,65 
27/02/2020; $0,66 
28/02/2020; $0,65 
02/03/2020; $0,65 
03/03/2020; $0,66 
04/03/2020; $0,66 
05/03/2020; $0,66 
06/03/2020; $0,67 
09/03/2020; $0,66 
10/03/2020; $0,65 
11/03/2020; $0,65 
12/03/2020; $0,62 
13/03/2020; $0,62 
16/03/2020; $0,61 
17/03/2020; $0,60 
18/03/2020; $0,58 
19/03/2020; $0,57 
20/03/2020; $0,58 
23/03/2020; $0,58 
24/03/2020; $0,60 
25/03/2020; $0,60 
26/03/2020; $0,61 
27/03/2020; $0,62 
30/03/2020; $0,62 
31/03/2020; $0,61 
01/04/2020; $0,61 
02/04/2020; $0,61 
03/04/2020; $0,60 
06/04/2020; $0,61 
07/04/2020; $0,62 
08/04/2020; $0,62 
09/04/2020; $0,63 
10/04/2020; $0,64 
13/04/2020; $0,64 
14/04/2020; $0,64 
15/04/2020; $0,63 
16/04/2020; $0,63 
17/04/2020; $0,64 
20/04/2020; $0,63 
21/04/2020; $0,63 
22/04/2020; $0,63 
23/04/2020; $0,64 
24/04/2020; $0,64 
27/04/2020; $0,65 
28/04/2020; $0,65 
29/04/2020; $0,66 
30/04/2020; $0,65 
01/05/2020; $0,64 
04/05/2020; $0,64 
05/05/2020; $0,64 
06/05/2020; $0,64 
07/05/2020; $0,65 
08/05/2020; $0,65 
11/05/2020; $0,65 
12/05/2020; $0,65 
13/05/2020; $0,65 
14/05/2020; $0,65 
15/05/2020; $0,64 
18/05/2020; $0,65 
19/05/2020; $0,65 
20/05/2020; $0,66 
21/05/2020; $0,66 
22/05/2020; $0,65 
25/05/2020; $0,65 
26/05/2020; $0,67 
27/05/2020; $0,66 
28/05/2020; $0,66 
29/05/2020; $0,67 
01/06/2020; $0,68 
02/06/2020; $0,69 
03/06/2020; $0,69 
04/06/2020; $0,69 
05/06/2020; $0,70 
08/06/2020; $0,70 
09/06/2020; $0,70 
10/06/2020; $0,70 
11/06/2020; $0,69 
12/06/2020; $0,69 
15/06/2020; $0,69 
16/06/2020; $0,69 
17/06/2020; $0,69 
18/06/2020; $0,69 
19/06/2020; $0,68 
22/06/2020; $0,69 
23/06/2020; $0,69 
24/06/2020; $0,69 
25/06/2020; $0,69 
26/06/2020; $0,69 
29/06/2020; $0,69 
30/06/2020; $0,69 
01/07/2020; $0,69 
02/07/2020; $0,69 
03/07/2020; $0,69 
06/07/2020; $0,70 
07/07/2020; $0,69 
08/07/2020; $0,70 
09/07/2020; $0,70 
10/07/2020; $0,69 
13/07/2020; $0,69 
14/07/2020; $0,70 
15/07/2020; $0,70 
16/07/2020; $0,70 
17/07/2020; $0,70 
20/07/2020; $0,70 
21/07/2020; $0,71 
22/07/2020; $0,71 
23/07/2020; $0,71 
24/07/2020; $0,71 
27/07/2020; $0,71 
28/07/2020; $0,72 
29/07/2020; $0,72 
30/07/2020; $0,72 
31/07/2020; $0,71 
03/08/2020; $0,71 
04/08/2020; $0,72 
05/08/2020; $0,72 
06/08/2020; $0,72 
07/08/2020; $0,72 
10/08/2020; $0,71 
11/08/2020; $0,71 
12/08/2020; $0,72 
13/08/2020; $0,71 
14/08/2020; $0,72 
17/08/2020; $0,72 
18/08/2020; $0,72 
19/08/2020; $0,72 
20/08/2020; $0,72 
21/08/2020; $0,72 
24/08/2020; $0,72 
25/08/2020; $0,72 
26/08/2020; $0,72 
27/08/2020; $0,73 
28/08/2020; $0,74 
31/08/2020; $0,74 
01/09/2020; $0,74 
02/09/2020; $0,73 
03/09/2020; $0,73 
04/09/2020; $0,73 
07/09/2020; $0,73 
08/09/2020; $0,72 
09/09/2020; $0,73 
10/09/2020; $0,73 
11/09/2020; $0,73 
14/09/2020; $0,73 
15/09/2020; $0,73 
16/09/2020; $0,73 
17/09/2020; $0,73 
18/09/2020; $0,73 
21/09/2020; $0,72 
22/09/2020; $0,72 
23/09/2020; $0,71 
24/09/2020; $0,70 
25/09/2020; $0,70 
28/09/2020; $0,71 
29/09/2020; $0,71 
30/09/2020; $0,72 
01/10/2020; $0,72 
02/10/2020; $0,72 
05/10/2020; $0,72 
06/10/2020; $0,71 
07/10/2020; $0,71 
08/10/2020; $0,72 
09/10/2020; $0,72 
12/10/2020; $0,72 
13/10/2020; $0,72 
14/10/2020; $0,72 
15/10/2020; $0,71 
16/10/2020; $0,71 
19/10/2020; $0,71 
20/10/2020; $0,70 
21/10/2020; $0,71 
22/10/2020; $0,71 
23/10/2020; $0,71 
26/10/2020; $0,71 
27/10/2020; $0,71 
28/10/2020; $0,70 
29/10/2020; $0,70 
30/10/2020; $0,70 
02/11/2020; $0,71 
03/11/2020; $0,72 
04/11/2020; $0,72 
05/11/2020; $0,73 
06/11/2020; $0,73 
09/11/2020; $0,73 
10/11/2020; $0,73 
11/11/2020; $0,73 
12/11/2020; $0,72 
13/11/2020; $0,73 
16/11/2020; $0,73 
17/11/2020; $0,73 
18/11/2020; $0,73 
19/11/2020; $0,73 
20/11/2020; $0,73 
23/11/2020; $0,73 
24/11/2020; $0,74 
25/11/2020; $0,74 
26/11/2020; $0,74 
27/11/2020; $0,74 
30/11/2020; $0,73 
01/12/2020; $0,74 
02/12/2020; $0,74 
03/12/2020; $0,74 
04/12/2020; $0,74 
07/12/2020; $0,74 
08/12/2020; $0,74 
09/12/2020; $0,74 
10/12/2020; $0,75 
11/12/2020; $0,75 
14/12/2020; $0,75 
15/12/2020; $0,76 
16/12/2020; $0,76 
17/12/2020; $0,76 
18/12/2020; $0,76 
21/12/2020; $0,76 
22/12/2020; $0,75 
23/12/2020; $0,76 
24/12/2020; $0,76 
25/12/2020; $0,76 
28/12/2020; $0,76 
29/12/2020; $0,76 
30/12/2020; $0,77 
31/12/2020; $0,77 
01/01/2021; $0,77 
04/01/2021; $0,77 
05/01/2021; $0,78 
06/01/2021; $0,78 
07/01/2021; $0,78 
08/01/2021; $0,78 
11/01/2021; $0,77 
12/01/2021; $0,78 
13/01/2021; $0,77 
14/01/2021; $0,78 
15/01/2021; $0,77 
18/01/2021; $0,77 
19/01/2021; $0,77 
20/01/2021; $0,77 
21/01/2021; $0,78 
22/01/2021; $0,77 
25/01/2021; $0,77 
26/01/2021; $0,77 
27/01/2021; $0,77 
28/01/2021; $0,77 
29/01/2021; $0,76 
01/02/2021; $0,76 
02/02/2021; $0,76 
03/02/2021; $0,76 
04/02/2021; $0,76 
05/02/2021; $0,77 
08/02/2021; $0,77 
09/02/2021; $0,77 
10/02/2021; $0,77 
11/02/2021; $0,78 
12/02/2021; $0,78 
15/02/2021; $0,78 
16/02/2021; $0,78 
17/02/2021; $0,77 
18/02/2021; $0,78 
19/02/2021; $0,79 
22/02/2021; $0,79 
23/02/2021; $0,79 
24/02/2021; $0,80 
25/02/2021; $0,79 
26/02/2021; $0,77 
01/03/2021; $0,78 
02/03/2021; $0,78 
03/03/2021; $0,78 
04/03/2021; $0,77 
05/03/2021; $0,77 
08/03/2021; $0,76 
09/03/2021; $0,77 
10/03/2021; $0,77 
11/03/2021; $0,78 
12/03/2021; $0,78 
15/03/2021; $0,78 
16/03/2021; $0,77 
17/03/2021; $0,78 
18/03/2021; $0,78 
19/03/2021; $0,77 
22/03/2021; $0,77 
23/03/2021; $0,76 
24/03/2021; $0,76 
25/03/2021; $0,76 
26/03/2021; $0,76 
29/03/2021; $0,76 
30/03/2021; $0,76 
31/03/2021; $0,76 
01/04/2021; $0,76 
02/04/2021; $0,76 
05/04/2021; $0,76 
06/04/2021; $0,77 
07/04/2021; $0,76 
08/04/2021; $0,77 
09/04/2021; $0,76 
12/04/2021; $0,76 
13/04/2021; $0,76 
14/04/2021; $0,77 
15/04/2021; $0,78 
16/04/2021; $0,77 
19/04/2021; $0,78 
20/04/2021; $0,77 
21/04/2021; $0,78 
22/04/2021; $0,77 
23/04/2021; $0,77 
26/04/2021; $0,78 
27/04/2021; $0,78 
28/04/2021; $0,78 
29/04/2021; $0,78 
30/04/2021; $0,77 
03/05/2021; $0,78 
04/05/2021; $0,77 
05/05/2021; $0,77 
06/05/2021; $0,78 
07/05/2021; $0,78 
10/05/2021; $0,78 
11/05/2021; $0,78 
12/05/2021; $0,77 
13/05/2021; $0,77 
14/05/2021; $0,78 
17/05/2021; $0,78 
18/05/2021; $0,78 
19/05/2021; $0,77 
20/05/2021; $0,78 
21/05/2021; $0,77 
24/05/2021; $0,78 
25/05/2021; $0,78 
26/05/2021; $0,77 
27/05/2021; $0,77 
28/05/2021; $0,77 
31/05/2021; $0,77 
01/06/2021; $0,78 
02/06/2021; $0,78 
03/06/2021; $0,77 
04/06/2021; $0,77 
07/06/2021; $0,78 
08/06/2021; $0,77 
09/06/2021; $0,77 
10/06/2021; $0,78 
11/06/2021; $0,77 
14/06/2021; $0,77 
15/06/2021; $0,77 
16/06/2021; $0,76 
17/06/2021; $0,76 
18/06/2021; $0,75 
21/06/2021; $0,75 
22/06/2021; $0,76 
23/06/2021; $0,76 
24/06/2021; $0,76 
25/06/2021; $0,76 
28/06/2021; $0,76 
29/06/2021; $0,75 
30/06/2021; $0,75 
01/07/2021; $0,75 
02/07/2021; $0,75 
05/07/2021; $0,75 
06/07/2021; $0,75 
07/07/2021; $0,75 
08/07/2021; $0,74 
09/07/2021; $0,75 
12/07/2021; $0,75 
13/07/2021; $0,74 
14/07/2021; $0,75 
15/07/2021; $0,74 
16/07/2021; $0,74 
19/07/2021; $0,73 
20/07/2021; $0,73 
21/07/2021; $0,74 
22/07/2021; $0,74 
23/07/2021; $0,74 
26/07/2021; $0,74 
27/07/2021; $0,74 
28/07/2021; $0,74 
29/07/2021; $0,74 
30/07/2021; $0,73 
02/08/2021; $0,74 
03/08/2021; $0,74 
04/08/2021; $0,74 
05/08/2021; $0,74 
06/08/2021; $0,74 
09/08/2021; $0,73 
10/08/2021; $0,74 
11/08/2021; $0,74 
12/08/2021; $0,73 
13/08/2021; $0,74 
16/08/2021; $0,73 
17/08/2021; $0,72 
18/08/2021; $0,72 
19/08/2021; $0,71 
20/08/2021; $0,71 
23/08/2021; $0,72 
24/08/2021; $0,73 
25/08/2021; $0,73 
26/08/2021; $0,72 
27/08/2021; $0,73 
30/08/2021; $0,73 
31/08/2021; $0,73 
01/09/2021; $0,74 
02/09/2021; $0,74 
03/09/2021; $0,75 
06/09/2021; $0,74 
07/09/2021; $0,74 
08/09/2021; $0,74 
09/09/2021; $0,74 
10/09/2021; $0,74 
13/09/2021; $0,74 
14/09/2021; $0,73 
15/09/2021; $0,73 
16/09/2021; $0,73 
17/09/2021; $0,73 
20/09/2021; $0,73 
21/09/2021; $0,72 
22/09/2021; $0,72 
23/09/2021; $0,73 
24/09/2021; $0,73 
27/09/2021; $0,73 
28/09/2021; $0,72 
29/09/2021; $0,72 
30/09/2021; $0,72 
01/10/2021; $0,73 
04/10/2021; $0,73 
05/10/2021; $0,73 
06/10/2021; $0,73 
07/10/2021; $0,73 
08/10/2021; $0,73 
11/10/2021; $0,74 
12/10/2021; $0,73 
13/10/2021; $0,74 
14/10/2021; $0,74 
15/10/2021; $0,74 
18/10/2021; $0,74 
19/10/2021; $0,75 
20/10/2021; $0,75 
21/10/2021; $0,75 
22/10/2021; $0,75 
25/10/2021; $0,75 
26/10/2021; $0,75 
27/10/2021; $0,75 
28/10/2021; $0,75 
29/10/2021; $0,75 
01/11/2021; $0,75 
02/11/2021; $0,74 
03/11/2021; $0,74 
04/11/2021; $0,74 
05/11/2021; $0,74 
08/11/2021; $0,74 
09/11/2021; $0,74 
10/11/2021; $0,73 
11/11/2021; $0,73 
12/11/2021; $0,73 
15/11/2021; $0,73 
16/11/2021; $0,73 
17/11/2021; $0,73 
18/11/2021; $0,73 
19/11/2021; $0,72 
22/11/2021; $0,72 
23/11/2021; $0,72 
24/11/2021; $0,72 
25/11/2021; $0,72 
26/11/2021; $0,71 
29/11/2021; $0,71 
30/11/2021; $0,71 
01/12/2021; $0,71 
02/12/2021; $0,71 
03/12/2021; $0,70 
06/12/2021; $0,70 
07/12/2021; $0,71 
08/12/2021; $0,72 
09/12/2021; $0,71 
10/12/2021; $0,72 
13/12/2021; $0,71 
14/12/2021; $0,71 
15/12/2021; $0,72 
16/12/2021; $0,72 
17/12/2021; $0,71 
20/12/2021; $0,71 
21/12/2021; $0,72 
22/12/2021; $0,72 
23/12/2021; $0,72 
24/12/2021; $0,72 
27/12/2021; $0,72 
28/12/2021; $0,72 
29/12/2021; $0,72 
30/12/2021; $0,72 
31/12/2021; $0,73 
03/01/2022; $0,72 
04/01/2022; $0,72 
05/01/2022; $0,72 
06/01/2022; $0,72 
07/01/2022; $0,72 
