EUR/JPY;
Date;Clôture
06/01/2014; ¥142,01 
07/01/2014; ¥142,41 
08/01/2014; ¥142,33 
09/01/2014; ¥142,62 
10/01/2014; ¥142,30 
13/01/2014; ¥140,78 
14/01/2014; ¥142,54 
15/01/2014; ¥142,22 
16/01/2014; ¥142,12 
17/01/2014; ¥141,20 
20/01/2014; ¥141,14 
21/01/2014; ¥141,42 
22/01/2014; ¥141,57 
23/01/2014; ¥141,39 
24/01/2014; ¥139,87 
27/01/2014; ¥140,17 
28/01/2014; ¥140,71 
29/01/2014; ¥139,73 
30/01/2014; ¥139,21 
31/01/2014; ¥137,59 
03/02/2014; ¥136,55 
04/02/2014; ¥137,40 
05/02/2014; ¥137,28 
06/02/2014; ¥138,71 
07/02/2014; ¥139,51 
10/02/2014; ¥139,50 
11/02/2014; ¥139,95 
12/02/2014; ¥139,35 
13/02/2014; ¥139,73 
14/02/2014; ¥139,32 
17/02/2014; ¥139,65 
18/02/2014; ¥140,80 
19/02/2014; ¥140,49 
20/02/2014; ¥140,28 
21/02/2014; ¥140,83 
24/02/2014; ¥140,77 
25/02/2014; ¥140,50 
26/02/2014; ¥140,09 
27/02/2014; ¥139,97 
28/02/2014; ¥140,50 
03/03/2014; ¥139,30 
04/03/2014; ¥140,44 
05/03/2014; ¥140,48 
06/03/2014; ¥142,82 
07/03/2014; ¥143,27 
10/03/2014; ¥143,27 
11/03/2014; ¥142,75 
12/03/2014; ¥142,85 
13/03/2014; ¥141,22 
14/03/2014; ¥141,00 
17/03/2014; ¥141,65 
18/03/2014; ¥141,32 
19/03/2014; ¥141,54 
20/03/2014; ¥141,06 
21/03/2014; ¥140,99 
24/03/2014; ¥141,47 
25/03/2014; ¥141,36 
26/03/2014; ¥140,62 
27/03/2014; ¥140,37 
28/03/2014; ¥141,38 
31/03/2014; ¥142,09 
01/04/2014; ¥142,94 
02/04/2014; ¥142,96 
03/04/2014; ¥142,54 
04/04/2014; ¥141,51 
07/04/2014; ¥141,65 
08/04/2014; ¥140,41 
09/04/2014; ¥141,28 
10/04/2014; ¥140,97 
11/04/2014; ¥141,08 
14/04/2014; ¥140,69 
15/04/2014; ¥140,76 
16/04/2014; ¥141,21 
17/04/2014; ¥141,43 
18/04/2014; ¥141,43 
21/04/2014; ¥141,51 
22/04/2014; ¥141,62 
23/04/2014; ¥141,66 
24/04/2014; ¥141,48 
25/04/2014; ¥141,28 
28/04/2014; ¥141,92 
29/04/2014; ¥141,71 
30/04/2014; ¥141,77 
01/05/2014; ¥141,91 
02/05/2014; ¥141,72 
05/05/2014; ¥141,70 
06/05/2014; ¥141,58 
07/05/2014; ¥141,75 
08/05/2014; ¥140,68 
09/05/2014; ¥140,12 
12/05/2014; ¥140,46 
13/05/2014; ¥140,10 
14/05/2014; ¥139,70 
15/05/2014; ¥139,24 
16/05/2014; ¥138,96 
19/05/2014; ¥139,11 
20/05/2014; ¥138,81 
21/05/2014; ¥138,71 
22/05/2014; ¥138,89 
23/05/2014; ¥139,00 
26/05/2014; ¥139,10 
27/05/2014; ¥139,01 
28/05/2014; ¥138,38 
29/05/2014; ¥138,44 
30/05/2014; ¥138,73 
02/06/2014; ¥139,15 
03/06/2014; ¥139,65 
04/06/2014; ¥139,69 
05/06/2014; ¥139,83 
06/06/2014; ¥139,78 
09/06/2014; ¥139,35 
10/06/2014; ¥138,65 
11/06/2014; ¥138,11 
12/06/2014; ¥137,81 
13/06/2014; ¥138,20 
16/06/2014; ¥138,21 
17/06/2014; ¥138,35 
18/06/2014; ¥138,55 
19/06/2014; ¥138,68 
20/06/2014; ¥138,79 
23/06/2014; ¥138,66 
24/06/2014; ¥138,73 
25/06/2014; ¥138,82 
26/06/2014; ¥138,46 
27/06/2014; ¥138,33 
30/06/2014; ¥138,69 
01/07/2014; ¥138,87 
02/07/2014; ¥139,01 
03/07/2014; ¥139,07 
04/07/2014; ¥138,78 
07/07/2014; ¥138,52 
08/07/2014; ¥138,26 
09/07/2014; ¥138,65 
10/07/2014; ¥137,90 
11/07/2014; ¥137,93 
14/07/2014; ¥138,27 
15/07/2014; ¥137,99 
16/07/2014; ¥137,51 
17/07/2014; ¥136,82 
18/07/2014; ¥137,03 
21/07/2014; ¥137,11 
22/07/2014; ¥136,61 
23/07/2014; ¥136,62 
24/07/2014; ¥137,07 
25/07/2014; ¥136,73 
28/07/2014; ¥136,88 
29/07/2014; ¥136,92 
30/07/2014; ¥137,68 
31/07/2014; ¥137,62 
01/08/2014; ¥137,79 
04/08/2014; ¥137,67 
05/08/2014; ¥137,21 
06/08/2014; ¥136,61 
07/08/2014; ¥136,39 
08/08/2014; ¥136,84 
11/08/2014; ¥136,77 
12/08/2014; ¥136,70 
13/08/2014; ¥136,86 
14/08/2014; ¥136,87 
15/08/2014; ¥137,12 
18/08/2014; ¥137,04 
19/08/2014; ¥137,04 
20/08/2014; ¥137,53 
21/08/2014; ¥137,88 
22/08/2014; ¥137,61 
25/08/2014; ¥137,23 
26/08/2014; ¥137,00 
27/08/2014; ¥137,00 
28/08/2014; ¥136,70 
29/08/2014; ¥136,64 
01/09/2014; ¥136,98 
02/09/2014; ¥137,97 
03/09/2014; ¥137,80 
04/09/2014; ¥136,25 
05/09/2014; ¥136,08 
08/09/2014; ¥136,72 
09/09/2014; ¥137,34 
10/09/2014; ¥137,97 
11/09/2014; ¥138,43 
12/09/2014; ¥139,13 
15/09/2014; ¥138,67 
16/09/2014; ¥138,82 
17/09/2014; ¥139,42 
18/09/2014; ¥140,45 
19/09/2014; ¥139,84 
22/09/2014; ¥139,85 
23/09/2014; ¥139,86 
24/09/2014; ¥139,30 
25/09/2014; ¥138,63 
26/09/2014; ¥138,59 
29/09/2014; ¥138,84 
30/09/2014; ¥138,49 
01/10/2014; ¥137,43 
02/10/2014; ¥137,33 
03/10/2014; ¥137,36 
06/10/2014; ¥137,63 
07/10/2014; ¥136,84 
08/10/2014; ¥137,62 
09/10/2014; ¥136,84 
10/10/2014; ¥135,93 
13/10/2014; ¥136,23 
14/10/2014; ¥135,49 
15/10/2014; ¥135,93 
16/10/2014; ¥136,16 
17/10/2014; ¥136,38 
20/10/2014; ¥136,86 
21/10/2014; ¥136,00 
22/10/2014; ¥135,51 
23/10/2014; ¥136,87 
24/10/2014; ¥137,01 
27/10/2014; ¥136,89 
28/10/2014; ¥137,71 
29/10/2014; ¥137,53 
30/10/2014; ¥137,72 
31/10/2014; ¥140,64 
03/11/2014; ¥142,33 
04/11/2014; ¥142,47 
05/11/2014; ¥143,12 
06/11/2014; ¥142,54 
07/11/2014; ¥142,61 
10/11/2014; ¥142,64 
11/11/2014; ¥144,41 
12/11/2014; ¥143,62 
13/11/2014; ¥144,37 
14/11/2014; ¥145,58 
17/11/2014; ¥145,21 
18/11/2014; ¥146,50 
19/11/2014; ¥148,09 
20/11/2014; ¥148,20 
21/11/2014; ¥145,93 
24/11/2014; ¥147,14 
25/11/2014; ¥147,16 
26/11/2014; ¥147,21 
27/11/2014; ¥146,72 
28/11/2014; ¥147,67 
01/12/2014; ¥147,62 
02/12/2014; ¥147,57 
03/12/2014; ¥147,44 
04/12/2014; ¥148,25 
05/12/2014; ¥149,15 
08/12/2014; ¥148,62 
09/12/2014; ¥148,10 
10/12/2014; ¥146,60 
11/12/2014; ¥147,23 
12/12/2014; ¥147,99 
15/12/2014; ¥146,50 
16/12/2014; ¥145,60 
17/12/2014; ¥146,41 
18/12/2014; ¥145,97 
19/12/2014; ¥146,09 
22/12/2014; ¥146,81 
23/12/2014; ¥146,87 
24/12/2014; ¥146,90 
25/12/2014; ¥146,75 
26/12/2014; ¥146,57 
29/12/2014; ¥146,60 
30/12/2014; ¥145,22 
31/12/2014; ¥144,78 
01/01/2015; ¥144,95 
02/01/2015; ¥144,59 
05/01/2015; ¥142,73 
06/01/2015; ¥140,74 
07/01/2015; ¥141,17 
08/01/2015; ¥141,09 
09/01/2015; ¥140,29 
12/01/2015; ¥140,00 
13/01/2015; ¥138,82 
14/01/2015; ¥138,31 
15/01/2015; ¥135,07 
16/01/2015; ¥136,04 
19/01/2015; ¥136,41 
20/01/2015; ¥137,19 
21/01/2015; ¥136,89 
22/01/2015; ¥134,65 
23/01/2015; ¥131,95 
26/01/2015; ¥133,11 
27/01/2015; ¥134,12 
28/01/2015; ¥132,64 
29/01/2015; ¥133,86 
30/01/2015; ¥132,54 
02/02/2015; ¥133,34 
03/02/2015; ¥134,94 
04/02/2015; ¥133,02 
05/02/2015; ¥134,84 
06/02/2015; ¥134,58 
09/02/2015; ¥134,32 
10/02/2015; ¥135,17 
11/02/2015; ¥136,48 
12/02/2015; ¥135,80 
13/02/2015; ¥135,14 
16/02/2015; ¥134,49 
17/02/2015; ¥136,06 
18/02/2015; ¥135,35 
19/02/2015; ¥135,19 
20/02/2015; ¥135,41 
23/02/2015; ¥134,61 
24/02/2015; ¥134,90 
25/02/2015; ¥135,01 
26/02/2015; ¥133,69 
27/02/2015; ¥133,77 
02/03/2015; ¥134,33 
03/03/2015; ¥133,78 
04/03/2015; ¥132,54 
05/03/2015; ¥132,48 
06/03/2015; ¥131,02 
09/03/2015; ¥131,46 
10/03/2015; ¥129,57 
11/03/2015; ¥128,06 
12/03/2015; ¥128,98 
13/03/2015; ¥127,36 
16/03/2015; ¥128,19 
17/03/2015; ¥128,59 
18/03/2015; ¥130,48 
19/03/2015; ¥128,74 
20/03/2015; ¥129,87 
23/03/2015; ¥131,04 
24/03/2015; ¥130,81 
25/03/2015; ¥131,06 
26/03/2015; ¥129,70 
27/03/2015; ¥129,66 
30/03/2015; ¥130,05 
31/03/2015; ¥128,89 
01/04/2015; ¥128,87 
02/04/2015; ¥130,25 
03/04/2015; ¥130,57 
06/04/2015; ¥130,53 
07/04/2015; ¥130,05 
08/04/2015; ¥129,48 
09/04/2015; ¥128,50 
10/04/2015; ¥127,45 
13/04/2015; ¥126,90 
14/04/2015; ¥127,14 
15/04/2015; ¥127,28 
16/04/2015; ¥128,03 
17/04/2015; ¥128,47 
20/04/2015; ¥127,96 
21/04/2015; ¥128,43 
22/04/2015; ¥128,59 
23/04/2015; ¥129,41 
24/04/2015; ¥129,34 
27/04/2015; ¥129,58 
28/04/2015; ¥130,49 
29/04/2015; ¥132,46 
30/04/2015; ¥133,92 
01/05/2015; ¥134,58 
04/05/2015; ¥133,84 
05/05/2015; ¥134,05 
06/05/2015; ¥135,56 
07/05/2015; ¥134,86 
08/05/2015; ¥134,20 
11/05/2015; ¥133,91 
12/05/2015; ¥134,38 
13/05/2015; ¥135,28 
14/05/2015; ¥135,90 
15/05/2015; ¥136,58 
18/05/2015; ¥135,75 
19/05/2015; ¥134,53 
20/05/2015; ¥134,58 
21/05/2015; ¥134,48 
22/05/2015; ¥133,87 
25/05/2015; ¥133,40 
26/05/2015; ¥133,82 
27/05/2015; ¥134,82 
28/05/2015; ¥135,69 
29/05/2015; ¥136,36 
01/06/2015; ¥136,30 
02/06/2015; ¥138,37 
03/06/2015; ¥140,02 
04/06/2015; ¥139,74 
05/06/2015; ¥139,57 
08/06/2015; ¥140,51 
09/06/2015; ¥140,27 
10/06/2015; ¥138,89 
11/06/2015; ¥138,90 
12/06/2015; ¥139,01 
15/06/2015; ¥139,24 
16/06/2015; ¥138,72 
17/06/2015; ¥139,92 
18/06/2015; ¥139,65 
19/06/2015; ¥139,23 
22/06/2015; ¥139,88 
23/06/2015; ¥138,43 
24/06/2015; ¥138,75 
25/06/2015; ¥138,48 
26/06/2015; ¥138,27 
29/06/2015; ¥137,66 
30/06/2015; ¥136,39 
01/07/2015; ¥136,11 
02/07/2015; ¥136,37 
03/07/2015; ¥136,47 
06/07/2015; ¥135,48 
07/07/2015; ¥134,87 
08/07/2015; ¥133,68 
09/07/2015; ¥133,90 
10/07/2015; ¥137,00 
13/07/2015; ¥135,79 
14/07/2015; ¥135,80 
15/07/2015; ¥135,48 
16/07/2015; ¥134,99 
17/07/2015; ¥134,34 
20/07/2015; ¥134,50 
21/07/2015; ¥135,46 
22/07/2015; ¥135,50 
23/07/2015; ¥136,04 
24/07/2015; ¥135,95 
27/07/2015; ¥136,66 
28/07/2015; ¥136,63 
29/07/2015; ¥136,11 
30/07/2015; ¥135,71 
31/07/2015; ¥136,15 
03/08/2015; ¥135,78 
04/08/2015; ¥135,31 
05/08/2015; ¥136,17 
06/08/2015; ¥136,24 
07/08/2015; ¥136,20 
10/08/2015; ¥137,31 
11/08/2015; ¥138,11 
12/08/2015; ¥138,56 
13/08/2015; ¥138,69 
14/08/2015; ¥138,05 
17/08/2015; ¥137,75 
18/08/2015; ¥137,05 
19/08/2015; ¥137,61 
20/08/2015; ¥138,69 
21/08/2015; ¥138,93 
24/08/2015; ¥137,58 
25/08/2015; ¥136,84 
26/08/2015; ¥135,64 
27/08/2015; ¥136,10 
28/08/2015; ¥136,05 
31/08/2015; ¥135,89 
01/09/2015; ¥135,01 
02/09/2015; ¥135,05 
03/09/2015; ¥133,52 
04/09/2015; ¥132,63 
07/09/2015; ¥133,19 
08/09/2015; ¥134,14 
09/09/2015; ¥134,99 
10/09/2015; ¥135,98 
11/09/2015; ¥136,69 
14/09/2015; ¥136,06 
15/09/2015; ¥135,67 
16/09/2015; ¥136,09 
17/09/2015; ¥137,20 
18/09/2015; ¥135,64 
21/09/2015; ¥134,82 
22/09/2015; ¥133,56 
23/09/2015; ¥134,53 
24/09/2015; ¥134,82 
25/09/2015; ¥134,94 
28/09/2015; ¥134,81 
29/09/2015; ¥134,61 
30/09/2015; ¥133,93 
01/10/2015; ¥134,23 
02/10/2015; ¥134,38 
05/10/2015; ¥134,72 
06/10/2015; ¥135,48 
07/10/2015; ¥134,82 
08/10/2015; ¥135,23 
09/10/2015; ¥136,53 
12/10/2015; ¥136,28 
13/10/2015; ¥136,24 
14/10/2015; ¥136,32 
15/10/2015; ¥135,30 
16/10/2015; ¥135,49 
19/10/2015; ¥135,28 
20/10/2015; ¥135,94 
21/10/2015; ¥135,95 
22/10/2015; ¥134,00 
23/10/2015; ¥133,77 
26/10/2015; ¥133,85 
27/10/2015; ¥133,07 
28/10/2015; ¥132,20 
29/10/2015; ¥132,94 
30/10/2015; ¥132,73 
02/11/2015; ¥132,98 
03/11/2015; ¥132,76 
04/11/2015; ¥132,02 
05/11/2015; ¥132,48 
06/11/2015; ¥132,22 
09/11/2015; ¥132,40 
10/11/2015; ¥132,06 
11/11/2015; ¥131,95 
12/11/2015; ¥132,61 
13/11/2015; ¥132,15 
16/11/2015; ¥131,57 
17/11/2015; ¥131,34 
18/11/2015; ¥131,74 
19/11/2015; ¥131,85 
20/11/2015; ¥130,79 
23/11/2015; ¥130,61 
24/11/2015; ¥130,35 
25/11/2015; ¥130,38 
26/11/2015; ¥130,03 
27/11/2015; ¥130,07 
30/11/2015; ¥130,01 
01/12/2015; ¥130,60 
02/12/2015; ¥130,77 
03/12/2015; ¥134,08 
04/12/2015; ¥134,05 
07/12/2015; ¥133,67 
08/12/2015; ¥133,90 
09/12/2015; ¥133,87 
10/12/2015; ¥133,01 
11/12/2015; ¥132,79 
14/12/2015; ¥133,00 
15/12/2015; ¥132,93 
16/12/2015; ¥133,33 
17/12/2015; ¥132,66 
18/12/2015; ¥131,68 
21/12/2015; ¥132,20 
22/12/2015; ¥132,60 
23/12/2015; ¥131,90 
24/12/2015; ¥132,09 
25/12/2015; ¥132,11 
28/12/2015; ¥132,00 
29/12/2015; ¥131,51 
30/12/2015; ¥131,68 
31/12/2015; ¥130,65 
01/01/2016; ¥130,62 
04/01/2016; ¥129,32 
05/01/2016; ¥127,93 
06/01/2016; ¥127,68 
07/01/2016; ¥128,65 
08/01/2016; ¥128,35 
11/01/2016; ¥127,82 
12/01/2016; ¥127,70 
13/01/2016; ¥127,93 
14/01/2016; ¥128,24 
15/01/2016; ¥127,75 
18/01/2016; ¥127,75 
19/01/2016; ¥128,26 
20/01/2016; ¥127,30 
21/01/2016; ¥127,96 
22/01/2016; ¥128,20 
25/01/2016; ¥128,30 
26/01/2016; ¥128,70 
27/01/2016; ¥129,23 
28/01/2016; ¥129,94 
29/01/2016; ¥131,12 
01/02/2016; ¥131,69 
02/02/2016; ¥130,94 
03/02/2016; ¥130,87 
04/02/2016; ¥130,84 
05/02/2016; ¥130,40 
08/02/2016; ¥129,68 
09/02/2016; ¥129,97 
10/02/2016; ¥127,93 
11/02/2016; ¥127,26 
12/02/2016; ¥127,44 
15/02/2016; ¥127,78 
16/02/2016; ¥127,07 
17/02/2016; ¥126,94 
18/02/2016; ¥125,72 
19/02/2016; ¥125,28 
22/02/2016; ¥124,52 
23/02/2016; ¥123,50 
24/02/2016; ¥123,51 
25/02/2016; ¥124,52 
26/02/2016; ¥124,60 
29/02/2016; ¥122,47 
01/03/2016; ¥123,83 
02/03/2016; ¥123,26 
03/03/2016; ¥124,53 
04/03/2016; ¥125,14 
07/03/2016; ¥124,91 
08/03/2016; ¥123,87 
09/03/2016; ¥124,76 
10/03/2016; ¥126,43 
11/03/2016; ¥126,88 
14/03/2016; ¥126,37 
15/03/2016; ¥125,71 
16/03/2016; ¥126,33 
17/03/2016; ¥126,04 
18/03/2016; ¥125,68 
21/03/2016; ¥125,81 
22/03/2016; ¥126,01 
23/03/2016; ¥125,64 
24/03/2016; ¥126,13 
25/03/2016; ¥126,19 
28/03/2016; ¥126,97 
29/03/2016; ¥127,20 
30/03/2016; ¥127,43 
31/03/2016; ¥128,07 
01/04/2016; ¥127,14 
04/04/2016; ¥126,79 
05/04/2016; ¥125,60 
06/04/2016; ¥125,12 
07/04/2016; ¥123,08 
08/04/2016; ¥123,14 
11/04/2016; ¥123,10 
12/04/2016; ¥123,55 
13/04/2016; ¥123,24 
14/04/2016; ¥123,22 
15/04/2016; ¥122,65 
18/04/2016; ¥123,09 
19/04/2016; ¥123,97 
20/04/2016; ¥124,05 
21/04/2016; ¥123,51 
22/04/2016; ¥125,53 
25/04/2016; ¥125,27 
26/04/2016; ¥125,75 
27/04/2016; ¥126,15 
28/04/2016; ¥122,68 
29/04/2016; ¥121,81 
02/05/2016; ¥122,69 
03/05/2016; ¥122,53 
04/05/2016; ¥122,89 
05/05/2016; ¥122,30 
06/05/2016; ¥122,12 
09/05/2016; ¥123,27 
10/05/2016; ¥124,20 
11/05/2016; ¥123,79 
12/05/2016; ¥124,00 
13/05/2016; ¥122,77 
16/05/2016; ¥123,36 
17/05/2016; ¥123,43 
18/05/2016; ¥123,57 
19/05/2016; ¥123,17 
20/05/2016; ¥123,60 
23/05/2016; ¥122,50 
24/05/2016; ¥122,52 
25/05/2016; ¥122,92 
26/05/2016; ¥122,82 
27/05/2016; ¥122,50 
30/05/2016; ¥123,82 
31/05/2016; ¥123,18 
01/06/2016; ¥122,53 
02/06/2016; ¥121,36 
03/06/2016; ¥121,05 
06/06/2016; ¥122,07 
07/06/2016; ¥121,88 
08/06/2016; ¥121,86 
09/06/2016; ¥121,14 
10/06/2016; ¥120,32 
13/06/2016; ¥119,93 
14/06/2016; ¥118,90 
15/06/2016; ¥119,32 
16/06/2016; ¥116,99 
17/06/2016; ¥117,36 
20/06/2016; ¥117,52 
21/06/2016; ¥117,72 
22/06/2016; ¥117,91 
23/06/2016; ¥120,83 
24/06/2016; ¥113,58 
27/06/2016; ¥112,40 
28/06/2016; ¥113,68 
29/06/2016; ¥114,36 
30/06/2016; ¥114,65 
01/07/2016; ¥114,14 
04/07/2016; ¥114,36 
05/07/2016; ¥112,63 
06/07/2016; ¥112,44 
07/07/2016; ¥111,42 
08/07/2016; ¥111,11 
11/07/2016; ¥113,64 
12/07/2016; ¥115,76 
13/07/2016; ¥115,85 
14/07/2016; ¥117,09 
15/07/2016; ¥115,67 
18/07/2016; ¥117,52 
19/07/2016; ¥116,94 
20/07/2016; ¥117,64 
21/07/2016; ¥116,62 
22/07/2016; ¥116,38 
25/07/2016; ¥116,23 
26/07/2016; ¥114,96 
27/07/2016; ¥116,51 
28/07/2016; ¥116,54 
29/07/2016; ¥114,03 
01/08/2016; ¥114,25 
02/08/2016; ¥113,24 
03/08/2016; ¥112,83 
04/08/2016; ¥112,61 
05/08/2016; ¥112,85 
08/08/2016; ¥113,59 
09/08/2016; ¥113,27 
10/08/2016; ¥113,16 
11/08/2016; ¥113,52 
12/08/2016; ¥113,02 
15/08/2016; ¥113,22 
16/08/2016; ¥113,09 
17/08/2016; ¥113,13 
18/08/2016; ¥113,37 
19/08/2016; ¥113,48 
22/08/2016; ¥113,51 
23/08/2016; ¥113,28 
24/08/2016; ¥113,09 
25/08/2016; ¥113,37 
26/08/2016; ¥114,00 
29/08/2016; ¥114,01 
30/08/2016; ¥114,69 
31/08/2016; ¥115,38 
01/09/2016; ¥115,56 
02/09/2016; ¥115,96 
05/09/2016; ¥115,26 
06/09/2016; ¥114,75 
07/09/2016; ¥114,33 
08/09/2016; ¥115,37 
09/09/2016; ¥115,30 
12/09/2016; ¥114,39 
13/09/2016; ¥115,02 
14/09/2016; ¥115,19 
15/09/2016; ¥114,78 
16/09/2016; ¥114,09 
19/09/2016; ¥113,88 
20/09/2016; ¥113,41 
21/09/2016; ¥112,17 
22/09/2016; ¥112,89 
23/09/2016; ¥113,32 
26/09/2016; ¥112,89 
27/09/2016; ¥112,61 
28/09/2016; ¥112,87 
29/09/2016; ¥113,34 
30/09/2016; ¥113,87 
03/10/2016; ¥113,89 
04/10/2016; ¥115,26 
05/10/2016; ¥115,93 
06/10/2016; ¥115,88 
07/10/2016; ¥115,24 
10/10/2016; ¥115,36 
11/10/2016; ¥114,40 
12/10/2016; ¥114,67 
13/10/2016; ¥114,60 
14/10/2016; ¥114,28 
17/10/2016; ¥114,25 
18/10/2016; ¥114,01 
19/10/2016; ¥113,49 
20/10/2016; ¥113,59 
21/10/2016; ¥112,96 
24/10/2016; ¥113,32 
25/10/2016; ¥113,45 
26/10/2016; ¥113,93 
27/10/2016; ¥114,69 
28/10/2016; ¥114,98 
31/10/2016; ¥115,07 
01/11/2016; ¥115,08 
02/11/2016; ¥114,60 
03/11/2016; ¥114,33 
04/11/2016; ¥114,87 
07/11/2016; ¥115,29 
08/11/2016; ¥115,91 
09/11/2016; ¥115,25 
10/11/2016; ¥116,31 
11/11/2016; ¥115,74 
14/11/2016; ¥116,36 
15/11/2016; ¥117,01 
16/11/2016; ¥116,59 
17/11/2016; ¥116,96 
18/11/2016; ¥117,40 
21/11/2016; ¥117,74 
22/11/2016; ¥118,09 
23/11/2016; ¥118,71 
24/11/2016; ¥119,54 
25/11/2016; ¥119,66 
28/11/2016; ¥118,78 
29/11/2016; ¥119,65 
30/11/2016; ¥121,15 
01/12/2016; ¥121,60 
02/12/2016; ¥121,15 
05/12/2016; ¥122,49 
06/12/2016; ¥122,13 
07/12/2016; ¥122,29 
08/12/2016; ¥121,02 
09/12/2016; ¥121,81 
12/12/2016; ¥122,31 
13/12/2016; ¥122,36 
14/12/2016; ¥123,29 
15/12/2016; ¥123,03 
16/12/2016; ¥123,25 
19/12/2016; ¥121,78 
20/12/2016; ¥122,37 
21/12/2016; ¥122,51 
22/12/2016; ¥122,62 
23/12/2016; ¥122,64 
26/12/2016; ¥122,37 
27/12/2016; ¥122,73 
28/12/2016; ¥122,05 
29/12/2016; ¥122,24 
30/12/2016; ¥122,87 
02/01/2017; ¥122,88 
03/01/2017; ¥122,50 
04/01/2017; ¥122,94 
05/01/2017; ¥122,30 
06/01/2017; ¥123,11 
09/01/2017; ¥122,65 
10/01/2017; ¥122,15 
11/01/2017; ¥122,12 
12/01/2017; ¥121,66 
13/01/2017; ¥121,85 
16/01/2017; ¥121,03 
17/01/2017; ¥120,64 
18/01/2017; ¥121,87 
19/01/2017; ¥122,48 
20/01/2017; ¥122,61 
23/01/2017; ¥121,25 
24/01/2017; ¥122,08 
25/01/2017; ¥121,70 
26/01/2017; ¥122,30 
27/01/2017; ¥123,05 
30/01/2017; ¥121,63 
31/01/2017; ¥121,77 
01/02/2017; ¥121,91 
02/02/2017; ¥121,35 
03/02/2017; ¥121,50 
06/02/2017; ¥120,08 
07/02/2017; ¥120,02 
08/02/2017; ¥119,73 
09/02/2017; ¥120,65 
10/02/2017; ¥120,41 
13/02/2017; ¥120,50 
14/02/2017; ¥120,84 
15/02/2017; ¥120,98 
16/02/2017; ¥120,80 
17/02/2017; ¥119,75 
20/02/2017; ¥119,96 
21/02/2017; ¥119,76 
22/02/2017; ¥119,56 
23/02/2017; ¥119,10 
24/02/2017; ¥118,46 
27/02/2017; ¥119,28 
28/02/2017; ¥119,23 
01/03/2017; ¥119,92 
02/03/2017; ¥120,18 
03/03/2017; ¥121,06 
06/03/2017; ¥120,45 
07/03/2017; ¥120,39 
08/03/2017; ¥120,50 
09/03/2017; ¥121,52 
10/03/2017; ¥122,42 
13/03/2017; ¥122,37 
14/03/2017; ¥121,64 
15/03/2017; ¥121,65 
16/03/2017; ¥121,96 
17/03/2017; ¥120,99 
20/03/2017; ¥120,84 
21/03/2017; ¥120,74 
22/03/2017; ¥120,01 
23/03/2017; ¥119,57 
24/03/2017; ¥120,17 
27/03/2017; ¥120,19 
28/03/2017; ¥120,14 
29/03/2017; ¥119,53 
30/03/2017; ¥119,44 
31/03/2017; ¥118,63 
03/04/2017; ¥118,27 
04/04/2017; ¥118,16 
05/04/2017; ¥118,02 
06/04/2017; ¥117,91 
07/04/2017; ¥117,58 
10/04/2017; ¥117,49 
11/04/2017; ¥116,20 
12/04/2017; ¥116,24 
13/04/2017; ¥115,77 
14/04/2017; ¥115,22 
17/04/2017; ¥115,86 
18/04/2017; ¥116,30 
19/04/2017; ¥116,57 
20/04/2017; ¥117,15 
21/04/2017; ¥116,99 
24/04/2017; ¥119,27 
25/04/2017; ¥121,35 
26/04/2017; ¥121,06 
27/04/2017; ¥120,95 
28/04/2017; ¥121,51 
01/05/2017; ¥121,87 
02/05/2017; ¥122,35 
03/05/2017; ¥122,67 
04/05/2017; ¥123,52 
05/05/2017; ¥123,92 
08/05/2017; ¥123,68 
09/05/2017; ¥123,91 
10/05/2017; ¥124,17 
11/05/2017; ¥123,64 
12/05/2017; ¥123,85 
15/05/2017; ¥124,84 
16/05/2017; ¥125,35 
17/05/2017; ¥123,63 
18/05/2017; ¥123,75 
19/05/2017; ¥124,66 
22/05/2017; ¥125,03 
23/05/2017; ¥124,98 
24/05/2017; ¥125,06 
25/05/2017; ¥125,33 
26/05/2017; ¥124,47 
29/05/2017; ¥124,17 
30/05/2017; ¥123,95 
31/05/2017; ¥124,51 
01/06/2017; ¥124,82 
02/06/2017; ¥124,53 
05/06/2017; ¥124,26 
06/06/2017; ¥123,35 
07/06/2017; ¥123,57 
08/06/2017; ¥123,30 
09/06/2017; ¥123,48 
12/06/2017; ¥123,11 
13/06/2017; ¥123,36 
14/06/2017; ¥122,88 
15/06/2017; ¥123,56 
16/06/2017; ¥124,11 
19/06/2017; ¥124,30 
20/06/2017; ¥124,08 
21/06/2017; ¥124,32 
22/06/2017; ¥124,12 
23/06/2017; ¥124,52 
26/06/2017; ¥125,00 
27/06/2017; ¥127,36 
28/06/2017; ¥127,73 
29/06/2017; ¥128,32 
30/06/2017; ¥128,34 
03/07/2017; ¥128,79 
04/07/2017; ¥128,46 
05/07/2017; ¥128,54 
06/07/2017; ¥129,29 
07/07/2017; ¥129,82 
10/07/2017; ¥129,96 
11/07/2017; ¥130,62 
12/07/2017; ¥129,08 
13/07/2017; ¥129,07 
14/07/2017; ¥129,03 
17/07/2017; ¥129,27 
18/07/2017; ¥129,45 
19/07/2017; ¥128,90 
20/07/2017; ¥130,09 
21/07/2017; ¥129,55 
24/07/2017; ¥129,29 
25/07/2017; ¥130,30 
26/07/2017; ¥130,41 
27/07/2017; ¥129,85 
28/07/2017; ¥130,01 
31/07/2017; ¥130,52 
01/08/2017; ¥130,22 
02/08/2017; ¥131,25 
03/08/2017; ¥130,58 
04/08/2017; ¥130,24 
07/08/2017; ¥130,57 
08/08/2017; ¥129,61 
09/08/2017; ¥129,40 
10/08/2017; ¥128,53 
11/08/2017; ¥129,04 
14/08/2017; ¥129,11 
15/08/2017; ¥129,84 
16/08/2017; ¥129,63 
17/08/2017; ¥128,44 
18/08/2017; ¥128,38 
21/08/2017; ¥128,73 
22/08/2017; ¥128,84 
23/08/2017; ¥128,70 
24/08/2017; ¥129,22 
25/08/2017; ¥130,37 
28/08/2017; ¥130,84 
29/08/2017; ¥131,38 
30/08/2017; ¥130,98 
31/08/2017; ¥130,94 
01/09/2017; ¥130,72 
04/09/2017; ¥130,51 
05/09/2017; ¥129,60 
06/09/2017; ¥130,14 
07/09/2017; ¥130,36 
08/09/2017; ¥129,75 
11/09/2017; ¥130,73 
12/09/2017; ¥131,81 
13/09/2017; ¥131,29 
14/09/2017; ¥131,36 
15/09/2017; ¥132,35 
18/09/2017; ¥133,34 
19/09/2017; ¥133,81 
20/09/2017; ¥133,43 
21/09/2017; ¥134,28 
22/09/2017; ¥133,76 
25/09/2017; ¥132,34 
26/09/2017; ¥132,32 
27/09/2017; ¥132,50 
28/09/2017; ¥132,37 
29/09/2017; ¥132,85 
02/10/2017; ¥132,27 
03/10/2017; ¥132,50 
04/10/2017; ¥132,57 
05/10/2017; ¥132,10 
06/10/2017; ¥132,15 
09/10/2017; ¥132,25 
10/10/2017; ¥132,75 
11/10/2017; ¥133,37 
12/10/2017; ¥132,82 
13/10/2017; ¥132,22 
16/10/2017; ¥132,32 
17/10/2017; ¥131,98 
18/10/2017; ¥133,10 
19/10/2017; ¥133,35 
20/10/2017; ¥133,76 
23/10/2017; ¥133,23 
24/10/2017; ¥133,92 
25/10/2017; ¥134,34 
26/10/2017; ¥132,78 
27/10/2017; ¥131,95 
30/10/2017; ¥131,82 
31/10/2017; ¥132,30 
01/11/2017; ¥132,61 
02/11/2017; ¥132,96 
03/11/2017; ¥132,39 
06/11/2017; ¥131,97 
07/11/2017; ¥132,07 
08/11/2017; ¥132,01 
09/11/2017; ¥132,07 
10/11/2017; ¥132,41 
13/11/2017; ¥132,53 
14/11/2017; ¥133,81 
15/11/2017; ¥133,06 
16/11/2017; ¥133,05 
17/11/2017; ¥132,16 
20/11/2017; ¥132,11 
21/11/2017; ¥131,96 
22/11/2017; ¥131,44 
23/11/2017; ¥131,77 
24/11/2017; ¥133,06 
27/11/2017; ¥132,15 
28/11/2017; ¥131,98 
29/11/2017; ¥132,59 
30/11/2017; ¥133,92 
01/12/2017; ¥133,28 
04/12/2017; ¥133,35 
05/12/2017; ¥133,11 
06/12/2017; ¥132,42 
07/12/2017; ¥133,09 
08/12/2017; ¥133,50 
11/12/2017; ¥133,61 
12/12/2017; ¥133,28 
13/12/2017; ¥133,07 
14/12/2017; ¥132,35 
15/12/2017; ¥132,29 
18/12/2017; ¥132,57 
19/12/2017; ¥133,63 
20/12/2017; ¥134,59 
21/12/2017; ¥134,54 
22/12/2017; ¥134,29 
25/12/2017; ¥134,41 
26/12/2017; ¥134,26 
27/12/2017; ¥134,72 
28/12/2017; ¥134,78 
29/12/2017; ¥135,16 
01/01/2018; ¥135,26 
02/01/2018; ¥135,38 
03/01/2018; ¥135,13 
04/01/2018; ¥136,04 
05/01/2018; ¥135,99 
08/01/2018; ¥135,30 
09/01/2018; ¥134,44 
10/01/2018; ¥133,09 
11/01/2018; ¥133,83 
12/01/2018; ¥135,29 
15/01/2018; ¥135,51 
16/01/2018; ¥135,39 
17/01/2018; ¥135,57 
18/01/2018; ¥135,94 
19/01/2018; ¥135,35 
22/01/2018; ¥135,98 
23/01/2018; ¥135,64 
24/01/2018; ¥135,49 
25/01/2018; ¥135,61 
26/01/2018; ¥134,99 
29/01/2018; ¥134,89 
30/01/2018; ¥134,86 
31/01/2018; ¥135,61 
01/02/2018; ¥136,83 
02/02/2018; ¥137,17 
05/02/2018; ¥134,91 
06/02/2018; ¥135,58 
07/02/2018; ¥134,06 
08/02/2018; ¥133,15 
09/02/2018; ¥133,07 
12/02/2018; ¥133,53 
13/02/2018; ¥133,16 
14/02/2018; ¥133,19 
15/02/2018; ¥132,69 
16/02/2018; ¥131,85 
19/02/2018; ¥132,25 
20/02/2018; ¥132,39 
21/02/2018; ¥132,35 
22/02/2018; ¥131,60 
23/02/2018; ¥131,39 
26/02/2018; ¥131,69 
27/02/2018; ¥131,26 
28/02/2018; ¥130,05 
01/03/2018; ¥130,31 
02/03/2018; ¥130,23 
05/03/2018; ¥130,99 
06/03/2018; ¥131,60 
07/03/2018; ¥131,61 
08/03/2018; ¥130,73 
09/03/2018; ¥131,38 
12/03/2018; ¥131,22 
13/03/2018; ¥132,01 
14/03/2018; ¥131,46 
15/03/2018; ¥130,83 
16/03/2018; ¥130,22 
19/03/2018; ¥130,83 
20/03/2018; ¥130,39 
21/03/2018; ¥130,81 
22/03/2018; ¥129,48 
23/03/2018; ¥129,34 
26/03/2018; ¥131,14 
27/03/2018; ¥130,62 
28/03/2018; ¥131,49 
29/03/2018; ¥130,89 
30/03/2018; ¥130,92 
02/04/2018; ¥130,23 
03/04/2018; ¥130,79 
04/04/2018; ¥131,08 
05/04/2018; ¥131,40 
06/04/2018; ¥131,30 
09/04/2018; ¥131,52 
10/04/2018; ¥132,42 
11/04/2018; ¥132,03 
12/04/2018; ¥132,27 
13/04/2018; ¥132,33 
16/04/2018; ¥132,58 
17/04/2018; ¥132,35 
18/04/2018; ¥132,66 
19/04/2018; ¥132,53 
20/04/2018; ¥132,26 
23/04/2018; ¥132,69 
24/04/2018; ¥133,09 
25/04/2018; ¥133,03 
26/04/2018; ¥132,25 
27/04/2018; ¥132,23 
30/04/2018; ¥132,04 
01/05/2018; ¥131,74 
02/05/2018; ¥131,24 
03/05/2018; ¥130,87 
04/05/2018; ¥130,47 
07/05/2018; ¥130,03 
08/05/2018; ¥129,44 
09/05/2018; ¥130,04 
10/05/2018; ¥130,30 
11/05/2018; ¥130,62 
14/05/2018; ¥130,76 
15/05/2018; ¥130,61 
16/05/2018; ¥130,33 
17/05/2018; ¥130,61 
18/05/2018; ¥130,40 
21/05/2018; ¥130,92 
22/05/2018; ¥130,59 
23/05/2018; ¥128,73 
24/05/2018; ¥128,02 
25/05/2018; ¥127,43 
28/05/2018; ¥127,16 
29/05/2018; ¥125,48 
30/05/2018; ¥126,99 
31/05/2018; ¥127,20 
01/06/2018; ¥127,71 
04/06/2018; ¥128,44 
05/06/2018; ¥128,63 
06/06/2018; ¥129,70 
07/06/2018; ¥129,40 
08/06/2018; ¥128,87 
11/06/2018; ¥129,63 
12/06/2018; ¥129,60 
13/06/2018; ¥130,06 
14/06/2018; ¥127,95 
15/06/2018; ¥128,44 
18/06/2018; ¥128,47 
19/06/2018; ¥127,51 
20/06/2018; ¥127,67 
21/06/2018; ¥127,59 
22/06/2018; ¥128,16 
25/06/2018; ¥128,44 
26/06/2018; ¥128,16 
27/06/2018; ¥127,36 
28/06/2018; ¥127,79 
29/06/2018; ¥129,28 
02/07/2018; ¥129,06 
03/07/2018; ¥128,88 
04/07/2018; ¥128,73 
05/07/2018; ¥129,29 
06/07/2018; ¥129,72 
09/07/2018; ¥130,23 
10/07/2018; ¥130,31 
11/07/2018; ¥130,73 
12/07/2018; ¥131,36 
13/07/2018; ¥131,29 
16/07/2018; ¥131,47 
17/07/2018; ¥131,60 
18/07/2018; ¥131,32 
19/07/2018; ¥130,90 
20/07/2018; ¥130,53 
23/07/2018; ¥130,14 
24/07/2018; ¥129,91 
25/07/2018; ¥130,15 
26/07/2018; ¥129,47 
27/07/2018; ¥129,43 
30/07/2018; ¥129,98 
31/07/2018; ¥130,78 
01/08/2018; ¥130,23 
02/08/2018; ¥129,31 
03/08/2018; ¥128,68 
06/08/2018; ¥128,70 
07/08/2018; ¥129,16 
08/08/2018; ¥128,84 
09/08/2018; ¥128,02 
10/08/2018; ¥126,56 
13/08/2018; ¥126,30 
14/08/2018; ¥126,05 
15/08/2018; ¥125,60 
16/08/2018; ¥126,13 
17/08/2018; ¥126,36 
20/08/2018; ¥126,35 
21/08/2018; ¥127,59 
22/08/2018; ¥128,18 
23/08/2018; ¥128,41 
24/08/2018; ¥129,25 
27/08/2018; ¥129,71 
28/08/2018; ¥130,00 
29/08/2018; ¥130,70 
30/08/2018; ¥129,50 
31/08/2018; ¥128,82 
03/09/2018; ¥129,10 
04/09/2018; ¥129,06 
05/09/2018; ¥129,69 
06/09/2018; ¥128,69 
07/09/2018; ¥128,27 
10/09/2018; ¥128,80 
11/09/2018; ¥129,54 
12/09/2018; ¥129,32 
13/09/2018; ¥130,81 
14/09/2018; ¥130,28 
17/09/2018; ¥130,65 
18/09/2018; ¥131,06 
19/09/2018; ¥131,04 
20/09/2018; ¥132,45 
21/09/2018; ¥132,25 
24/09/2018; ¥132,48 
25/09/2018; ¥132,98 
26/09/2018; ¥132,31 
27/09/2018; ¥131,95 
28/09/2018; ¥131,96 
01/10/2018; ¥131,86 
02/10/2018; ¥131,23 
03/10/2018; ¥131,43 
04/10/2018; ¥131,16 
05/10/2018; ¥131,02 
08/10/2018; ¥130,10 
09/10/2018; ¥129,76 
10/10/2018; ¥129,31 
11/10/2018; ¥130,03 
12/10/2018; ¥129,71 
15/10/2018; ¥129,38 
16/10/2018; ¥129,91 
17/10/2018; ¥129,52 
18/10/2018; ¥128,47 
19/10/2018; ¥129,57 
22/10/2018; ¥129,30 
23/10/2018; ¥128,97 
24/10/2018; ¥127,85 
25/10/2018; ¥127,84 
26/10/2018; ¥127,59 
29/10/2018; ¥127,78 
30/10/2018; ¥128,28 
31/10/2018; ¥127,72 
01/11/2018; ¥128,55 
02/11/2018; ¥128,86 
05/11/2018; ¥129,09 
06/11/2018; ¥129,58 
07/11/2018; ¥129,67 
08/11/2018; ¥129,61 
09/11/2018; ¥129,00 
12/11/2018; ¥127,67 
13/11/2018; ¥128,48 
14/11/2018; ¥128,47 
15/11/2018; ¥128,69 
16/11/2018; ¥128,82 
19/11/2018; ¥128,87 
20/11/2018; ¥128,20 
21/11/2018; ¥128,67 
22/11/2018; ¥128,82 
23/11/2018; ¥128,07 
26/11/2018; ¥128,65 
27/11/2018; ¥128,42 
28/11/2018; ¥129,21 
29/11/2018; ¥129,27 
30/11/2018; ¥128,38 
03/12/2018; ¥129,02 
04/12/2018; ¥127,93 
05/12/2018; ¥128,40 
06/12/2018; ¥128,14 
07/12/2018; ¥128,23 
10/12/2018; ¥128,69 
11/12/2018; ¥128,29 
12/12/2018; ¥128,77 
13/12/2018; ¥129,08 
14/12/2018; ¥128,20 
17/12/2018; ¥128,01 
18/12/2018; ¥127,82 
19/12/2018; ¥127,93 
20/12/2018; ¥127,35 
21/12/2018; ¥126,47 
24/12/2018; ¥125,88 
25/12/2018; ¥125,28 
26/12/2018; ¥126,39 
27/12/2018; ¥126,85 
28/12/2018; ¥126,16 
31/12/2018; ¥125,65 
01/01/2019; ¥125,75 
02/01/2019; ¥123,48 
03/01/2019; ¥122,63 
04/01/2019; ¥123,64 
07/01/2019; ¥124,72 
08/01/2019; ¥124,39 
09/01/2019; ¥124,82 
10/01/2019; ¥124,66 
11/01/2019; ¥124,46 
14/01/2019; ¥124,10 
15/01/2019; ¥123,99 
16/01/2019; ¥124,32 
17/01/2019; ¥124,45 
18/01/2019; ¥124,70 
21/01/2019; ¥124,62 
23/01/2019; ¥124,71 
24/01/2019; ¥123,94 
25/01/2019; ¥124,93 
28/01/2019; ¥124,92 
29/01/2019; ¥125,02 
30/01/2019; ¥125,12 
31/01/2019; ¥124,61 
01/02/2019; ¥125,40 
04/02/2019; ¥125,67 
05/02/2019; ¥125,49 
06/02/2019; ¥124,91 
07/02/2019; ¥124,56 
08/02/2019; ¥124,29 
11/02/2019; ¥124,43 
12/02/2019; ¥125,11 
13/02/2019; ¥124,97 
14/02/2019; ¥124,76 
15/02/2019; ¥124,72 
18/02/2019; ¥125,07 
19/02/2019; ¥125,43 
20/02/2019; ¥125,64 
21/02/2019; ¥125,47 
22/02/2019; ¥125,52 
25/02/2019; ¥126,14 
26/02/2019; ¥125,99 
27/02/2019; ¥126,17 
28/02/2019; ¥126,63 
01/03/2019; ¥127,28 
04/03/2019; ¥126,68 
05/03/2019; ¥126,50 
06/03/2019; ¥126,33 
07/03/2019; ¥124,88 
08/03/2019; ¥124,91 
11/03/2019; ¥125,07 
12/03/2019; ¥125,67 
13/03/2019; ¥125,88 
14/03/2019; ¥126,24 
15/03/2019; ¥126,22 
18/03/2019; ¥126,31 
19/03/2019; ¥126,39 
20/03/2019; ¥126,30 
21/03/2019; ¥126,00 
22/03/2019; ¥124,34 
25/03/2019; ¥124,36 
26/03/2019; ¥124,60 
27/03/2019; ¥124,22 
28/03/2019; ¥124,19 
29/03/2019; ¥124,33 
01/04/2019; ¥124,83 
02/04/2019; ¥124,70 
03/04/2019; ¥125,23 
04/04/2019; ¥125,27 
05/04/2019; ¥125,29 
08/04/2019; ¥125,50 
09/04/2019; ¥125,15 
10/04/2019; ¥125,13 
11/04/2019; ¥125,61 
12/04/2019; ¥126,58 
15/04/2019; ¥126,67 
16/04/2019; ¥126,32 
17/04/2019; ¥126,55 
18/04/2019; ¥125,72 
19/04/2019; ¥125,85 
22/04/2019; ¥125,99 
23/04/2019; ¥125,56 
24/04/2019; ¥125,09 
25/04/2019; ¥124,23 
26/04/2019; ¥124,39 
29/04/2019; ¥124,85 
30/04/2019; ¥124,96 
01/05/2019; ¥124,67 
02/05/2019; ¥124,61 
03/05/2019; ¥124,42 
06/05/2019; ¥124,02 
07/05/2019; ¥123,36 
08/05/2019; ¥123,21 
09/05/2019; ¥123,10 
10/05/2019; ¥123,50 
13/05/2019; ¥122,67 
14/05/2019; ¥122,85 
16/05/2019; ¥122,71 
17/05/2019; ¥122,83 
20/05/2019; ¥122,90 
21/05/2019; ¥123,28 
22/05/2019; ¥123,05 
23/05/2019; ¥122,52 
24/05/2019; ¥122,43 
27/05/2019; ¥122,60 
28/05/2019; ¥122,05 
29/05/2019; ¥121,96 
30/05/2019; ¥121,98 
31/05/2019; ¥121,05 
03/06/2019; ¥121,46 
04/06/2019; ¥121,67 
05/06/2019; ¥121,67 
06/06/2019; ¥122,21 
07/06/2019; ¥122,58 
10/06/2019; ¥122,66 
11/06/2019; ¥122,92 
12/06/2019; ¥122,45 
13/06/2019; ¥122,19 
14/06/2019; ¥121,65 
17/06/2019; ¥121,76 
18/06/2019; ¥121,36 
19/06/2019; ¥121,32 
20/06/2019; ¥121,14 
21/06/2019; ¥121,96 
24/06/2019; ¥122,28 
25/06/2019; ¥121,79 
26/06/2019; ¥122,51 
27/06/2019; ¥122,54 
28/06/2019; ¥122,64 
01/07/2019; ¥122,36 
02/07/2019; ¥121,72 
03/07/2019; ¥121,59 
04/07/2019; ¥121,63 
05/07/2019; ¥121,71 
08/07/2019; ¥121,89 
09/07/2019; ¥121,97 
10/07/2019; ¥122,01 
11/07/2019; ¥122,07 
12/07/2019; ¥121,58 
15/07/2019; ¥121,46 
16/07/2019; ¥121,30 
17/07/2019; ¥121,14 
18/07/2019; ¥120,96 
19/07/2019; ¥120,84 
22/07/2019; ¥120,89 
23/07/2019; ¥120,68 
24/07/2019; ¥120,49 
25/07/2019; ¥121,07 
26/07/2019; ¥120,88 
29/07/2019; ¥121,21 
30/07/2019; ¥121,11 
31/07/2019; ¥120,42 
01/08/2019; ¥118,95 
02/08/2019; ¥118,38 
05/08/2019; ¥118,67 
06/08/2019; ¥119,23 
07/08/2019; ¥118,98 
08/08/2019; ¥118,55 
09/08/2019; ¥118,32 
12/08/2019; ¥118,04 
13/08/2019; ¥119,21 
14/08/2019; ¥117,94 
15/08/2019; ¥117,84 
16/08/2019; ¥117,94 
19/08/2019; ¥118,09 
20/08/2019; ¥117,89 
21/08/2019; ¥118,16 
22/08/2019; ¥117,89 
23/08/2019; ¥117,45 
26/08/2019; ¥117,79 
27/08/2019; ¥117,24 
28/08/2019; ¥117,54 
29/08/2019; ¥117,74 
30/08/2019; ¥116,80 
02/09/2019; ¥116,47 
03/09/2019; ¥116,22 
04/09/2019; ¥117,38 
05/09/2019; ¥117,99 
06/09/2019; ¥117,88 
09/09/2019; ¥118,45 
10/09/2019; ¥118,75 
11/09/2019; ¥118,69 
12/09/2019; ¥119,56 
13/09/2019; ¥119,67 
16/09/2019; ¥118,93 
17/09/2019; ¥119,70 
18/09/2019; ¥119,60 
19/09/2019; ¥119,23 
20/09/2019; ¥118,49 
23/09/2019; ¥118,19 
24/09/2019; ¥117,95 
25/09/2019; ¥117,90 
26/09/2019; ¥117,75 
27/09/2019; ¥118,04 
30/09/2019; ¥117,79 
01/10/2019; ¥117,76 
02/10/2019; ¥117,44 
03/10/2019; ¥117,21 
04/10/2019; ¥117,37 
07/10/2019; ¥117,69 
08/10/2019; ¥117,28 
09/10/2019; ¥117,87 
10/10/2019; ¥118,80 
11/10/2019; ¥119,67 
14/10/2019; ¥119,53 
15/10/2019; ¥120,06 
16/10/2019; ¥120,39 
17/10/2019; ¥120,84 
18/10/2019; ¥121,09 
21/10/2019; ¥121,06 
22/10/2019; ¥120,66 
23/10/2019; ¥120,95 
24/10/2019; ¥120,60 
25/10/2019; ¥120,35 
28/10/2019; ¥120,90 
29/10/2019; ¥120,95 
30/10/2019; ¥121,32 
31/10/2019; ¥120,44 
01/11/2019; ¥120,77 
04/11/2019; ¥120,78 
05/11/2019; ¥120,87 
06/11/2019; ¥120,56 
07/11/2019; ¥120,72 
08/11/2019; ¥120,38 
11/11/2019; ¥120,29 
12/11/2019; ¥119,98 
13/11/2019; ¥119,76 
14/11/2019; ¥119,48 
15/11/2019; ¥120,16 
18/11/2019; ¥120,29 
19/11/2019; ¥120,23 
20/11/2019; ¥120,24 
21/11/2019; ¥120,11 
22/11/2019; ¥119,74 
25/11/2019; ¥119,93 
26/11/2019; ¥120,13 
27/11/2019; ¥120,48 
28/11/2019; ¥120,53 
29/11/2019; ¥120,63 
02/12/2019; ¥120,72 
03/12/2019; ¥120,36 
04/12/2019; ¥120,56 
05/12/2019; ¥120,76 
06/12/2019; ¥120,07 
09/12/2019; ¥120,08 
10/12/2019; ¥120,57 
11/12/2019; ¥120,78 
12/12/2019; ¥121,62 
13/12/2019; ¥121,60 
16/12/2019; ¥121,99 
17/12/2019; ¥122,05 
18/12/2019; ¥121,70 
19/12/2019; ¥121,62 
20/12/2019; ¥121,24 
23/12/2019; ¥121,26 
24/12/2019; ¥121,28 
25/12/2019; ¥121,26 
26/12/2019; ¥121,65 
27/12/2019; ¥122,27 
30/12/2019; ¥121,89 
31/12/2019; ¥121,75 
01/01/2020; ¥121,85 
02/01/2020; ¥121,27 
03/01/2020; ¥120,63 
06/01/2020; ¥121,33 
07/01/2020; ¥120,89 
08/01/2020; ¥121,17 
09/01/2020; ¥121,61 
10/01/2020; ¥121,72 
13/01/2020; ¥122,39 
14/01/2020; ¥122,39 
15/01/2020; ¥122,52 
16/01/2020; ¥122,64 
17/01/2020; ¥122,12 
20/01/2020; ¥122,23 
21/01/2020; ¥121,75 
22/01/2020; ¥121,81 
23/01/2020; ¥121,00 
24/01/2020; ¥120,45 
27/01/2020; ¥119,98 
28/01/2020; ¥120,26 
29/01/2020; ¥119,99 
30/01/2020; ¥120,17 
31/01/2020; ¥120,23 
03/02/2020; ¥120,17 
04/02/2020; ¥120,93 
05/02/2020; ¥120,75 
06/02/2020; ¥120,77 
07/02/2020; ¥120,07 
10/02/2020; ¥119,75 
11/02/2020; ¥119,80 
12/02/2020; ¥119,67 
13/02/2020; ¥119,03 
14/02/2020; ¥118,85 
17/02/2020; ¥119,04 
18/02/2020; ¥118,55 
19/02/2020; ¥120,30 
20/02/2020; ¥120,88 
21/02/2020; ¥120,98 
24/02/2020; ¥120,14 
25/02/2020; ¥119,88 
26/02/2020; ¥120,13 
27/02/2020; ¥120,52 
28/02/2020; ¥119,15 
02/03/2020; ¥120,56 
03/03/2020; ¥119,66 
04/03/2020; ¥119,71 
05/03/2020; ¥119,30 
06/03/2020; ¥118,83 
09/03/2020; ¥117,15 
10/03/2020; ¥119,14 
11/03/2020; ¥117,77 
12/03/2020; ¥117,01 
13/03/2020; ¥119,83 
16/03/2020; ¥118,35 
17/03/2020; ¥118,39 
18/03/2020; ¥117,93 
19/03/2020; ¥118,33 
20/03/2020; ¥118,49 
23/03/2020; ¥119,22 
24/03/2020; ¥119,96 
25/03/2020; ¥120,97 
26/03/2020; ¥120,84 
27/03/2020; ¥120,19 
30/03/2020; ¥119,11 
31/03/2020; ¥118,59 
01/04/2020; ¥117,46 
02/04/2020; ¥117,14 
03/04/2020; ¥117,21 
06/04/2020; ¥117,84 
07/04/2020; ¥118,39 
08/04/2020; ¥118,12 
09/04/2020; ¥118,51 
10/04/2020; ¥118,56 
13/04/2020; ¥117,59 
14/04/2020; ¥117,69 
15/04/2020; ¥117,22 
16/04/2020; ¥116,95 
17/04/2020; ¥116,88 
20/04/2020; ¥116,89 
21/04/2020; ¥116,98 
22/04/2020; ¥116,57 
23/04/2020; ¥115,93 
24/04/2020; ¥116,32 
27/04/2020; ¥116,10 
28/04/2020; ¥115,60 
29/04/2020; ¥116,01 
30/04/2020; ¥117,40 
01/05/2020; ¥117,37 
04/05/2020; ¥116,40 
05/05/2020; ¥115,49 
06/05/2020; ¥114,57 
07/05/2020; ¥115,11 
08/05/2020; ¥115,61 
11/05/2020; ¥116,34 
12/05/2020; ¥116,19 
13/05/2020; ¥115,75 
14/05/2020; ¥115,86 
15/05/2020; ¥115,74 
18/05/2020; ¥117,09 
19/05/2020; ¥117,60 
20/05/2020; ¥118,01 
21/05/2020; ¥117,82 
22/05/2020; ¥117,28 
25/05/2020; ¥117,37 
26/05/2020; ¥118,06 
27/05/2020; ¥118,51 
28/05/2020; ¥119,23 
29/05/2020; ¥119,64 
01/06/2020; ¥119,78 
02/06/2020; ¥121,36 
03/06/2020; ¥122,31 
04/06/2020; ¥123,71 
05/06/2020; ¥123,65 
08/06/2020; ¥122,43 
09/06/2020; ¥122,12 
10/06/2020; ¥121,75 
11/06/2020; ¥120,71 
12/06/2020; ¥120,80 
15/06/2020; ¥121,49 
16/06/2020; ¥120,86 
17/06/2020; ¥120,30 
18/06/2020; ¥119,82 
19/06/2020; ¥119,43 
22/06/2020; ¥120,31 
23/06/2020; ¥120,42 
24/06/2020; ¥120,41 
25/06/2020; ¥120,22 
26/06/2020; ¥120,26 
29/06/2020; ¥120,90 
30/06/2020; ¥121,20 
01/07/2020; ¥120,89 
02/07/2020; ¥120,80 
03/07/2020; ¥120,92 
06/07/2020; ¥121,39 
07/07/2020; ¥121,16 
08/07/2020; ¥121,50 
09/07/2020; ¥120,95 
10/07/2020; ¥120,76 
13/07/2020; ¥121,67 
14/07/2020; ¥122,20 
15/07/2020; ¥121,98 
16/07/2020; ¥122,09 
17/07/2020; ¥122,25 
20/07/2020; ¥122,73 
21/07/2020; ¥123,08 
22/07/2020; ¥123,94 
23/07/2020; ¥123,88 
24/07/2020; ¥123,66 
27/07/2020; ¥123,82 
28/07/2020; ¥123,09 
29/07/2020; ¥123,69 
30/07/2020; ¥124,05 
31/07/2020; ¥124,66 
03/08/2020; ¥124,60 
04/08/2020; ¥124,74 
05/08/2020; ¥125,22 
06/08/2020; ¥125,33 
07/08/2020; ¥124,83 
10/08/2020; ¥124,34 
11/08/2020; ¥125,00 
12/08/2020; ¥125,94 
13/08/2020; ¥126,29 
14/08/2020; ¥126,21 
17/08/2020; ¥125,80 
18/08/2020; ¥125,74 
19/08/2020; ¥125,58 
20/08/2020; ¥125,46 
21/08/2020; ¥124,77 
24/08/2020; ¥124,91 
25/08/2020; ¥125,88 
26/08/2020; ¥125,36 
27/08/2020; ¥125,95 
28/08/2020; ¥125,39 
31/08/2020; ¥126,39 
01/09/2020; ¥126,19 
02/09/2020; ¥125,86 
03/09/2020; ¥125,80 
04/09/2020; ¥125,74 
07/09/2020; ¥125,56 
08/09/2020; ¥124,84 
09/09/2020; ¥125,30 
10/09/2020; ¥125,37 
11/09/2020; ¥125,75 
14/09/2020; ¥125,47 
15/09/2020; ¥124,85 
16/09/2020; ¥123,98 
17/09/2020; ¥124,07 
18/09/2020; ¥123,76 
21/09/2020; ¥123,15 
22/09/2020; ¥122,82 
23/09/2020; ¥122,85 
24/09/2020; ¥123,02 
25/09/2020; ¥122,81 
28/09/2020; ¥123,04 
29/09/2020; ¥124,04 
30/09/2020; ¥123,52 
01/10/2020; ¥123,93 
02/10/2020; ¥123,35 
05/10/2020; ¥124,55 
06/10/2020; ¥123,91 
07/10/2020; ¥124,61 
08/10/2020; ¥124,65 
09/10/2020; ¥124,85 
12/10/2020; ¥124,39 
13/10/2020; ¥123,85 
14/10/2020; ¥123,51 
15/10/2020; ¥123,43 
16/10/2020; ¥123,51 
19/10/2020; ¥124,04 
20/10/2020; ¥124,69 
21/10/2020; ¥124,01 
22/10/2020; ¥123,87 
23/10/2020; ¥124,15 
26/10/2020; ¥123,77 
27/10/2020; ¥123,14 
28/10/2020; ¥122,52 
29/10/2020; ¥122,12 
30/10/2020; ¥121,87 
02/11/2020; ¥121,87 
03/11/2020; ¥122,33 
04/11/2020; ¥122,49 
05/11/2020; ¥122,40 
06/11/2020; ¥122,67 
09/11/2020; ¥124,44 
10/11/2020; ¥124,38 
11/11/2020; ¥124,15 
12/11/2020; ¥124,10 
13/11/2020; ¥123,79 
16/11/2020; ¥123,93 
17/11/2020; ¥123,56 
18/11/2020; ¥123,06 
19/11/2020; ¥123,15 
20/11/2020; ¥123,09 
23/11/2020; ¥123,78 
24/11/2020; ¥124,17 
25/11/2020; ¥124,43 
26/11/2020; ¥124,18 
27/11/2020; ¥124,52 
30/11/2020; ¥124,37 
01/12/2020; ¥125,89 
02/12/2020; ¥126,46 
03/12/2020; ¥126,07 
04/12/2020; ¥126,22 
07/12/2020; ¥125,97 
08/12/2020; ¥126,03 
09/12/2020; ¥125,89 
10/12/2020; ¥126,46 
11/12/2020; ¥125,97 
14/12/2020; ¥126,32 
15/12/2020; ¥125,96 
16/12/2020; ¥126,21 
17/12/2020; ¥126,46 
18/12/2020; ¥126,61 
21/12/2020; ¥126,45 
22/12/2020; ¥126,02 
23/12/2020; ¥126,18 
24/12/2020; ¥126,27 
25/12/2020; ¥126,29 
28/12/2020; ¥126,77 
29/12/2020; ¥126,83 
30/12/2020; ¥126,85 
31/12/2020; ¥126,09 
01/01/2021; ¥125,25 
04/01/2021; ¥126,28 
05/01/2021; ¥126,28 
06/01/2021; ¥127,00 
07/01/2021; ¥127,36 
08/01/2021; ¥126,98 
11/01/2021; ¥126,65 
12/01/2021; ¥126,63 
13/01/2021; ¥126,25 
14/01/2021; ¥126,17 
15/01/2021; ¥125,45 
18/01/2021; ¥125,22 
19/01/2021; ¥125,98 
20/01/2021; ¥125,30 
21/01/2021; ¥125,86 
22/01/2021; ¥126,26 
25/01/2021; ¥125,90 
26/01/2021; ¥125,96 
27/01/2021; ¥126,05 
28/01/2021; ¥126,31 
29/01/2021; ¥127,04 
01/02/2021; ¥126,51 
02/02/2021; ¥126,39 
03/02/2021; ¥126,36 
04/02/2021; ¥126,25 
05/02/2021; ¥126,87 
08/02/2021; ¥126,77 
09/02/2021; ¥126,71 
10/02/2021; ¥126,70 
11/02/2021; ¥127,02 
12/02/2021; ¥127,15 
15/02/2021; ¥127,78 
16/02/2021; ¥128,36 
17/02/2021; ¥127,42 
18/02/2021; ¥127,72 
19/02/2021; ¥127,75 
22/02/2021; ¥127,69 
23/02/2021; ¥127,86 
24/02/2021; ¥128,74 
25/02/2021; ¥129,32 
26/02/2021; ¥128,68 
01/03/2021; ¥128,60 
02/03/2021; ¥128,95 
03/03/2021; ¥129,05 
04/03/2021; ¥129,20 
05/03/2021; ¥129,11 
08/03/2021; ¥128,92 
09/03/2021; ¥129,05 
10/03/2021; ¥129,22 
11/03/2021; ¥130,01 
12/03/2021; ¥130,28 
15/03/2021; ¥130,16 
16/03/2021; ¥129,69 
17/03/2021; ¥130,36 
18/03/2021; ¥129,73 
19/03/2021; ¥129,59 
22/03/2021; ¥129,87 
23/03/2021; ¥128,63 
24/03/2021; ¥128,42 
25/03/2021; ¥128,43 
26/03/2021; ¥129,29 
29/03/2021; ¥129,12 
30/03/2021; ¥129,25 
31/03/2021; ¥129,83 
01/04/2021; ¥130,23 
02/04/2021; ¥130,18 
05/04/2021; ¥130,12 
06/04/2021; ¥130,32 
07/04/2021; ¥130,38 
08/04/2021; ¥130,13 
09/04/2021; ¥130,49 
12/04/2021; ¥130,25 
13/04/2021; ¥130,28 
14/04/2021; ¥130,45 
15/04/2021; ¥130,11 
16/04/2021; ¥130,34 
19/04/2021; ¥130,14 
20/04/2021; ¥130,05 
21/04/2021; ¥130,05 
22/04/2021; ¥129,71 
23/04/2021; ¥130,56 
26/04/2021; ¥130,55 
27/04/2021; ¥131,38 
28/04/2021; ¥131,64 
29/04/2021; ¥131,98 
30/04/2021; ¥131,32 
03/05/2021; ¥131,54 
04/05/2021; ¥131,34 
05/05/2021; ¥131,07 
06/05/2021; ¥131,58 
07/05/2021; ¥132,09 
10/05/2021; ¥131,94 
11/05/2021; ¥131,91 
12/05/2021; ¥132,36 
13/05/2021; ¥132,19 
14/05/2021; ¥132,74 
17/05/2021; ¥132,68 
18/05/2021; ¥133,05 
19/05/2021; ¥132,93 
20/05/2021; ¥132,96 
21/05/2021; ¥132,68 
24/05/2021; ¥132,79 
25/05/2021; ¥133,23 
26/05/2021; ¥133,04 
27/05/2021; ¥133,87 
28/05/2021; ¥133,95 
31/05/2021; ¥133,95 
01/06/2021; ¥133,65 
02/06/2021; ¥133,74 
03/06/2021; ¥133,70 
04/06/2021; ¥133,19 
07/06/2021; ¥133,15 
08/06/2021; ¥133,26 
09/06/2021; ¥133,48 
10/06/2021; ¥133,02 
11/06/2021; ¥132,74 
14/06/2021; ¥133,36 
15/06/2021; ¥133,45 
16/06/2021; ¥132,76 
17/06/2021; ¥131,19 
18/06/2021; ¥130,69 
21/06/2021; ¥131,41 
22/06/2021; ¥132,08 
23/06/2021; ¥132,30 
24/06/2021; ¥132,26 
25/06/2021; ¥132,18 
28/06/2021; ¥131,90 
29/06/2021; ¥131,44 
30/06/2021; ¥131,71 
01/07/2021; ¥132,12 
02/07/2021; ¥131,69 
05/07/2021; ¥131,61 
06/07/2021; ¥130,77 
07/07/2021; ¥130,43 
08/07/2021; ¥130,01 
09/07/2021; ¥130,77 
12/07/2021; ¥130,86 
13/07/2021; ¥130,24 
14/07/2021; ¥130,13 
15/07/2021; ¥129,77 
16/07/2021; ¥129,89 
19/07/2021; ¥129,12 
20/07/2021; ¥129,38 
21/07/2021; ¥130,03 
22/07/2021; ¥129,63 
23/07/2021; ¥130,11 
26/07/2021; ¥130,19 
27/07/2021; ¥129,67 
28/07/2021; ¥130,14 
29/07/2021; ¥130,12 
30/07/2021; ¥130,21 
02/08/2021; ¥129,68 
03/08/2021; ¥129,32 
04/08/2021; ¥129,56 
05/08/2021; ¥129,84 
06/08/2021; ¥129,65 
09/08/2021; ¥129,44 
10/08/2021; ¥129,55 
11/08/2021; ¥129,58 
12/08/2021; ¥129,48 
13/08/2021; ¥129,19 
16/08/2021; ¥128,64 
17/08/2021; ¥128,30 
18/08/2021; ¥128,51 
19/08/2021; ¥128,09 
20/08/2021; ¥128,42 
23/08/2021; ¥128,80 
24/08/2021; ¥128,84 
25/08/2021; ¥129,45 
26/08/2021; ¥129,33 
27/08/2021; ¥129,51 
30/08/2021; ¥129,65 
31/08/2021; ¥129,90 
01/09/2021; ¥130,21 
02/09/2021; ¥130,51 
03/09/2021; ¥130,38 
06/09/2021; ¥130,35 
07/09/2021; ¥130,54 
08/09/2021; ¥130,21 
09/09/2021; ¥129,72 
10/09/2021; ¥129,87 
13/09/2021; ¥129,86 
14/09/2021; ¥129,43 
15/09/2021; ¥129,21 
16/09/2021; ¥129,05 
17/09/2021; ¥128,93 
20/09/2021; ¥128,26 
21/09/2021; ¥128,03 
22/09/2021; ¥128,29 
23/09/2021; ¥129,45 
24/09/2021; ¥129,69 
27/09/2021; ¥129,78 
28/09/2021; ¥130,24 
29/09/2021; ¥129,82 
30/09/2021; ¥128,86 
01/10/2021; ¥128,75 
04/10/2021; ¥128,88 
05/10/2021; ¥129,24 
06/10/2021; ¥128,75 
07/10/2021; ¥128,89 
08/10/2021; ¥129,80 
11/10/2021; ¥130,87 
12/10/2021; ¥130,95 
13/10/2021; ¥131,26 
14/10/2021; ¥131,78 
15/10/2021; ¥132,47 
18/10/2021; ¥132,70 
19/10/2021; ¥133,02 
20/10/2021; ¥133,10 
21/10/2021; ¥132,44 
22/10/2021; ¥132,15 
25/10/2021; ¥131,96 
26/10/2021; ¥132,32 
27/10/2021; ¥132,07 
28/10/2021; ¥132,63 
29/10/2021; ¥131,80 
01/11/2021; ¥132,26 
02/11/2021; ¥131,92 
03/11/2021; ¥132,33 
04/11/2021; ¥131,42 
05/11/2021; ¥131,16 
08/11/2021; ¥131,19 
09/11/2021; ¥130,80 
10/11/2021; ¥130,73 
11/11/2021; ¥130,59 
12/11/2021; ¥130,36 
15/11/2021; ¥129,71 
16/11/2021; ¥129,96 
17/11/2021; ¥129,12 
18/11/2021; ¥129,89 
19/11/2021; ¥128,66 
22/11/2021; ¥129,03 
23/11/2021; ¥129,46 
24/11/2021; ¥129,22 
25/11/2021; ¥129,26 
26/11/2021; ¥128,22 
29/11/2021; ¥128,13 
30/11/2021; ¥128,24 
01/12/2021; ¥127,62 
02/12/2021; ¥127,85 
03/12/2021; ¥127,61 
06/12/2021; ¥128,04 
07/12/2021; ¥127,95 
08/12/2021; ¥128,91 
09/12/2021; ¥128,10 
10/12/2021; ¥128,24 
13/12/2021; ¥128,13 
14/12/2021; ¥128,00 
15/12/2021; ¥128,67 
16/12/2021; ¥128,80 
17/12/2021; ¥127,74 
20/12/2021; ¥128,06 
21/12/2021; ¥128,72 
22/12/2021; ¥129,22 
23/12/2021; ¥129,57 
24/12/2021; ¥129,48 
27/12/2021; ¥130,07 
28/12/2021; ¥129,84 
29/12/2021; ¥130,43 
30/12/2021; ¥130,27 
31/12/2021; ¥130,82 
03/01/2022; ¥130,24 
04/01/2022; ¥131,05 
05/01/2022; ¥131,34 
06/01/2022; ¥130,77 
07/01/2022; ¥131,25 
