EUR/GBP;
Date;Clôture
06/01/2014; £0,83 
07/01/2014; £0,83 
08/01/2014; £0,83 
09/01/2014; £0,83 
10/01/2014; £0,83 
13/01/2014; £0,83 
14/01/2014; £0,83 
15/01/2014; £0,83 
16/01/2014; £0,83 
17/01/2014; £0,82 
20/01/2014; £0,82 
21/01/2014; £0,82 
22/01/2014; £0,82 
23/01/2014; £0,82 
24/01/2014; £0,83 
27/01/2014; £0,82 
28/01/2014; £0,82 
29/01/2014; £0,82 
30/01/2014; £0,82 
31/01/2014; £0,82 
03/02/2014; £0,83 
04/02/2014; £0,83 
05/02/2014; £0,83 
06/02/2014; £0,83 
07/02/2014; £0,83 
10/02/2014; £0,83 
11/02/2014; £0,83 
12/02/2014; £0,82 
13/02/2014; £0,82 
14/02/2014; £0,82 
17/02/2014; £0,82 
18/02/2014; £0,82 
19/02/2014; £0,82 
20/02/2014; £0,82 
21/02/2014; £0,83 
24/02/2014; £0,82 
25/02/2014; £0,82 
26/02/2014; £0,82 
27/02/2014; £0,82 
28/02/2014; £0,82 
03/03/2014; £0,82 
04/03/2014; £0,82 
05/03/2014; £0,82 
06/03/2014; £0,83 
07/03/2014; £0,83 
10/03/2014; £0,83 
11/03/2014; £0,83 
12/03/2014; £0,84 
13/03/2014; £0,83 
14/03/2014; £0,84 
17/03/2014; £0,84 
18/03/2014; £0,84 
19/03/2014; £0,84 
20/03/2014; £0,83 
21/03/2014; £0,84 
24/03/2014; £0,84 
25/03/2014; £0,84 
26/03/2014; £0,83 
27/03/2014; £0,83 
28/03/2014; £0,83 
31/03/2014; £0,83 
01/04/2014; £0,83 
02/04/2014; £0,83 
03/04/2014; £0,83 
04/04/2014; £0,83 
07/04/2014; £0,83 
08/04/2014; £0,82 
09/04/2014; £0,82 
10/04/2014; £0,83 
11/04/2014; £0,83 
14/04/2014; £0,83 
15/04/2014; £0,83 
16/04/2014; £0,82 
17/04/2014; £0,82 
18/04/2014; £0,82 
21/04/2014; £0,82 
22/04/2014; £0,82 
23/04/2014; £0,82 
24/04/2014; £0,82 
25/04/2014; £0,82 
28/04/2014; £0,82 
29/04/2014; £0,82 
30/04/2014; £0,82 
01/05/2014; £0,82 
02/05/2014; £0,82 
05/05/2014; £0,82 
06/05/2014; £0,82 
07/05/2014; £0,82 
08/05/2014; £0,82 
09/05/2014; £0,82 
12/05/2014; £0,82 
13/05/2014; £0,81 
14/05/2014; £0,82 
15/05/2014; £0,82 
16/05/2014; £0,81 
19/05/2014; £0,82 
20/05/2014; £0,81 
21/05/2014; £0,81 
22/05/2014; £0,81 
23/05/2014; £0,81 
26/05/2014; £0,81 
27/05/2014; £0,81 
28/05/2014; £0,81 
29/05/2014; £0,81 
30/05/2014; £0,81 
02/06/2014; £0,81 
03/06/2014; £0,81 
04/06/2014; £0,81 
05/06/2014; £0,81 
06/06/2014; £0,81 
09/06/2014; £0,81 
10/06/2014; £0,81 
11/06/2014; £0,81 
12/06/2014; £0,80 
13/06/2014; £0,80 
16/06/2014; £0,80 
17/06/2014; £0,80 
18/06/2014; £0,80 
19/06/2014; £0,80 
20/06/2014; £0,80 
23/06/2014; £0,80 
24/06/2014; £0,80 
25/06/2014; £0,80 
26/06/2014; £0,80 
27/06/2014; £0,80 
30/06/2014; £0,80 
01/07/2014; £0,80 
02/07/2014; £0,80 
03/07/2014; £0,79 
04/07/2014; £0,79 
07/07/2014; £0,79 
08/07/2014; £0,79 
09/07/2014; £0,80 
10/07/2014; £0,79 
11/07/2014; £0,79 
14/07/2014; £0,80 
15/07/2014; £0,79 
16/07/2014; £0,79 
17/07/2014; £0,79 
18/07/2014; £0,79 
21/07/2014; £0,79 
22/07/2014; £0,79 
23/07/2014; £0,79 
24/07/2014; £0,79 
25/07/2014; £0,79 
28/07/2014; £0,79 
29/07/2014; £0,79 
30/07/2014; £0,79 
31/07/2014; £0,79 
01/08/2014; £0,80 
04/08/2014; £0,80 
05/08/2014; £0,79 
06/08/2014; £0,79 
07/08/2014; £0,79 
08/08/2014; £0,80 
11/08/2014; £0,80 
12/08/2014; £0,80 
13/08/2014; £0,80 
14/08/2014; £0,80 
15/08/2014; £0,80 
18/08/2014; £0,80 
19/08/2014; £0,80 
20/08/2014; £0,80 
21/08/2014; £0,80 
22/08/2014; £0,80 
25/08/2014; £0,80 
26/08/2014; £0,80 
27/08/2014; £0,80 
28/08/2014; £0,79 
29/08/2014; £0,79 
01/09/2014; £0,79 
02/09/2014; £0,80 
03/09/2014; £0,80 
04/09/2014; £0,79 
05/09/2014; £0,79 
08/09/2014; £0,80 
09/09/2014; £0,80 
10/09/2014; £0,80 
11/09/2014; £0,80 
12/09/2014; £0,80 
15/09/2014; £0,80 
16/09/2014; £0,80 
17/09/2014; £0,79 
18/09/2014; £0,79 
19/09/2014; £0,79 
22/09/2014; £0,79 
23/09/2014; £0,78 
24/09/2014; £0,78 
25/09/2014; £0,78 
26/09/2014; £0,78 
29/09/2014; £0,78 
30/09/2014; £0,78 
01/10/2014; £0,78 
02/10/2014; £0,78 
03/10/2014; £0,78 
06/10/2014; £0,79 
07/10/2014; £0,79 
08/10/2014; £0,79 
09/10/2014; £0,79 
10/10/2014; £0,79 
13/10/2014; £0,79 
14/10/2014; £0,80 
15/10/2014; £0,80 
16/10/2014; £0,80 
17/10/2014; £0,79 
20/10/2014; £0,79 
21/10/2014; £0,79 
22/10/2014; £0,79 
23/10/2014; £0,79 
24/10/2014; £0,79 
27/10/2014; £0,79 
28/10/2014; £0,79 
29/10/2014; £0,79 
30/10/2014; £0,79 
31/10/2014; £0,78 
03/11/2014; £0,78 
04/11/2014; £0,78 
05/11/2014; £0,78 
06/11/2014; £0,78 
07/11/2014; £0,78 
10/11/2014; £0,78 
11/11/2014; £0,78 
12/11/2014; £0,79 
13/11/2014; £0,79 
14/11/2014; £0,80 
17/11/2014; £0,80 
18/11/2014; £0,80 
19/11/2014; £0,80 
20/11/2014; £0,80 
21/11/2014; £0,79 
24/11/2014; £0,79 
25/11/2014; £0,79 
26/11/2014; £0,79 
27/11/2014; £0,79 
28/11/2014; £0,80 
01/12/2014; £0,79 
02/12/2014; £0,79 
03/12/2014; £0,78 
04/12/2014; £0,79 
05/12/2014; £0,79 
08/12/2014; £0,79 
09/12/2014; £0,79 
10/12/2014; £0,79 
11/12/2014; £0,79 
12/12/2014; £0,79 
15/12/2014; £0,80 
16/12/2014; £0,79 
17/12/2014; £0,79 
18/12/2014; £0,78 
19/12/2014; £0,78 
22/12/2014; £0,78 
23/12/2014; £0,78 
24/12/2014; £0,78 
25/12/2014; £0,79 
26/12/2014; £0,78 
29/12/2014; £0,78 
30/12/2014; £0,78 
31/12/2014; £0,78 
01/01/2015; £0,78 
02/01/2015; £0,78 
05/01/2015; £0,78 
06/01/2015; £0,78 
07/01/2015; £0,78 
08/01/2015; £0,78 
09/01/2015; £0,78 
12/01/2015; £0,78 
13/01/2015; £0,78 
14/01/2015; £0,77 
15/01/2015; £0,77 
16/01/2015; £0,76 
19/01/2015; £0,77 
20/01/2015; £0,76 
21/01/2015; £0,77 
22/01/2015; £0,76 
23/01/2015; £0,75 
26/01/2015; £0,75 
27/01/2015; £0,75 
28/01/2015; £0,75 
29/01/2015; £0,75 
30/01/2015; £0,75 
02/02/2015; £0,75 
03/02/2015; £0,76 
04/02/2015; £0,75 
05/02/2015; £0,75 
06/02/2015; £0,74 
09/02/2015; £0,74 
10/02/2015; £0,74 
11/02/2015; £0,74 
12/02/2015; £0,74 
13/02/2015; £0,74 
16/02/2015; £0,74 
17/02/2015; £0,74 
18/02/2015; £0,74 
19/02/2015; £0,74 
20/02/2015; £0,74 
23/02/2015; £0,73 
24/02/2015; £0,73 
25/02/2015; £0,73 
26/02/2015; £0,73 
27/02/2015; £0,73 
02/03/2015; £0,73 
03/03/2015; £0,73 
04/03/2015; £0,73 
05/03/2015; £0,72 
06/03/2015; £0,72 
09/03/2015; £0,72 
10/03/2015; £0,71 
11/03/2015; £0,71 
12/03/2015; £0,71 
13/03/2015; £0,71 
16/03/2015; £0,71 
17/03/2015; £0,72 
18/03/2015; £0,73 
19/03/2015; £0,72 
20/03/2015; £0,72 
23/03/2015; £0,73 
24/03/2015; £0,74 
25/03/2015; £0,74 
26/03/2015; £0,73 
27/03/2015; £0,73 
30/03/2015; £0,73 
31/03/2015; £0,72 
01/04/2015; £0,73 
02/04/2015; £0,73 
03/04/2015; £0,74 
06/04/2015; £0,73 
07/04/2015; £0,73 
08/04/2015; £0,72 
09/04/2015; £0,72 
10/04/2015; £0,72 
13/04/2015; £0,72 
14/04/2015; £0,72 
15/04/2015; £0,72 
16/04/2015; £0,72 
17/04/2015; £0,72 
20/04/2015; £0,72 
21/04/2015; £0,72 
22/04/2015; £0,71 
23/04/2015; £0,72 
24/04/2015; £0,72 
27/04/2015; £0,71 
28/04/2015; £0,72 
29/04/2015; £0,72 
30/04/2015; £0,73 
01/05/2015; £0,74 
04/05/2015; £0,74 
05/05/2015; £0,74 
06/05/2015; £0,74 
07/05/2015; £0,74 
08/05/2015; £0,72 
11/05/2015; £0,72 
12/05/2015; £0,72 
13/05/2015; £0,72 
14/05/2015; £0,72 
15/05/2015; £0,73 
18/05/2015; £0,72 
19/05/2015; £0,72 
20/05/2015; £0,71 
21/05/2015; £0,71 
22/05/2015; £0,71 
25/05/2015; £0,71 
26/05/2015; £0,71 
27/05/2015; £0,71 
28/05/2015; £0,71 
29/05/2015; £0,72 
01/06/2015; £0,72 
02/06/2015; £0,73 
03/06/2015; £0,73 
04/06/2015; £0,73 
05/06/2015; £0,73 
08/06/2015; £0,74 
09/06/2015; £0,73 
10/06/2015; £0,73 
11/06/2015; £0,73 
12/06/2015; £0,72 
15/06/2015; £0,72 
16/06/2015; £0,72 
17/06/2015; £0,72 
18/06/2015; £0,72 
19/06/2015; £0,71 
22/06/2015; £0,72 
23/06/2015; £0,71 
24/06/2015; £0,71 
25/06/2015; £0,71 
26/06/2015; £0,71 
29/06/2015; £0,71 
30/06/2015; £0,71 
01/07/2015; £0,71 
02/07/2015; £0,71 
03/07/2015; £0,71 
06/07/2015; £0,71 
07/07/2015; £0,71 
08/07/2015; £0,72 
09/07/2015; £0,72 
10/07/2015; £0,72 
13/07/2015; £0,71 
14/07/2015; £0,70 
15/07/2015; £0,70 
16/07/2015; £0,70 
17/07/2015; £0,69 
20/07/2015; £0,70 
21/07/2015; £0,70 
22/07/2015; £0,70 
23/07/2015; £0,71 
24/07/2015; £0,71 
27/07/2015; £0,71 
28/07/2015; £0,71 
29/07/2015; £0,70 
30/07/2015; £0,70 
31/07/2015; £0,70 
03/08/2015; £0,70 
04/08/2015; £0,70 
05/08/2015; £0,70 
06/08/2015; £0,70 
07/08/2015; £0,71 
10/08/2015; £0,71 
11/08/2015; £0,71 
12/08/2015; £0,71 
13/08/2015; £0,71 
14/08/2015; £0,71 
17/08/2015; £0,71 
18/08/2015; £0,70 
19/08/2015; £0,71 
20/08/2015; £0,72 
21/08/2015; £0,73 
24/08/2015; £0,74 
25/08/2015; £0,73 
26/08/2015; £0,73 
27/08/2015; £0,73 
28/08/2015; £0,73 
31/08/2015; £0,73 
01/09/2015; £0,74 
02/09/2015; £0,73 
03/09/2015; £0,73 
04/09/2015; £0,73 
07/09/2015; £0,73 
08/09/2015; £0,73 
09/09/2015; £0,73 
10/09/2015; £0,73 
11/09/2015; £0,73 
14/09/2015; £0,73 
15/09/2015; £0,73 
16/09/2015; £0,73 
17/09/2015; £0,73 
18/09/2015; £0,73 
21/09/2015; £0,72 
22/09/2015; £0,72 
23/09/2015; £0,73 
24/09/2015; £0,74 
25/09/2015; £0,74 
28/09/2015; £0,74 
29/09/2015; £0,74 
30/09/2015; £0,74 
01/10/2015; £0,74 
02/10/2015; £0,74 
05/10/2015; £0,74 
06/10/2015; £0,74 
07/10/2015; £0,73 
08/10/2015; £0,73 
09/10/2015; £0,74 
12/10/2015; £0,74 
13/10/2015; £0,75 
14/10/2015; £0,74 
15/10/2015; £0,74 
16/10/2015; £0,74 
19/10/2015; £0,73 
20/10/2015; £0,73 
21/10/2015; £0,74 
22/10/2015; £0,72 
23/10/2015; £0,72 
26/10/2015; £0,72 
27/10/2015; £0,72 
28/10/2015; £0,72 
29/10/2015; £0,72 
30/10/2015; £0,71 
02/11/2015; £0,71 
03/11/2015; £0,71 
04/11/2015; £0,71 
05/11/2015; £0,72 
06/11/2015; £0,71 
09/11/2015; £0,71 
10/11/2015; £0,71 
11/11/2015; £0,71 
12/11/2015; £0,71 
13/11/2015; £0,71 
16/11/2015; £0,70 
17/11/2015; £0,70 
18/11/2015; £0,70 
19/11/2015; £0,70 
20/11/2015; £0,70 
23/11/2015; £0,70 
24/11/2015; £0,71 
25/11/2015; £0,70 
26/11/2015; £0,70 
27/11/2015; £0,70 
30/11/2015; £0,70 
01/12/2015; £0,70 
02/12/2015; £0,71 
03/12/2015; £0,72 
04/12/2015; £0,72 
07/12/2015; £0,72 
08/12/2015; £0,73 
09/12/2015; £0,73 
10/12/2015; £0,72 
11/12/2015; £0,72 
14/12/2015; £0,73 
15/12/2015; £0,73 
16/12/2015; £0,73 
17/12/2015; £0,73 
18/12/2015; £0,73 
21/12/2015; £0,73 
22/12/2015; £0,74 
23/12/2015; £0,73 
24/12/2015; £0,74 
25/12/2015; £0,73 
28/12/2015; £0,74 
29/12/2015; £0,74 
30/12/2015; £0,74 
31/12/2015; £0,74 
01/01/2016; £0,74 
04/01/2016; £0,74 
05/01/2016; £0,73 
06/01/2016; £0,74 
07/01/2016; £0,75 
08/01/2016; £0,75 
11/01/2016; £0,75 
12/01/2016; £0,75 
13/01/2016; £0,75 
14/01/2016; £0,75 
15/01/2016; £0,77 
18/01/2016; £0,76 
19/01/2016; £0,77 
20/01/2016; £0,77 
21/01/2016; £0,76 
22/01/2016; £0,76 
25/01/2016; £0,76 
26/01/2016; £0,76 
27/01/2016; £0,77 
28/01/2016; £0,76 
29/01/2016; £0,76 
01/02/2016; £0,75 
02/02/2016; £0,76 
03/02/2016; £0,76 
04/02/2016; £0,77 
05/02/2016; £0,77 
08/02/2016; £0,78 
09/02/2016; £0,78 
10/02/2016; £0,78 
11/02/2016; £0,78 
12/02/2016; £0,78 
15/02/2016; £0,77 
16/02/2016; £0,78 
17/02/2016; £0,78 
18/02/2016; £0,77 
19/02/2016; £0,77 
22/02/2016; £0,78 
23/02/2016; £0,79 
24/02/2016; £0,79 
25/02/2016; £0,79 
26/02/2016; £0,79 
29/02/2016; £0,78 
01/03/2016; £0,78 
02/03/2016; £0,77 
03/03/2016; £0,77 
04/03/2016; £0,77 
07/03/2016; £0,77 
08/03/2016; £0,77 
09/03/2016; £0,77 
10/03/2016; £0,78 
11/03/2016; £0,77 
14/03/2016; £0,78 
15/03/2016; £0,78 
16/03/2016; £0,79 
17/03/2016; £0,78 
18/03/2016; £0,78 
21/03/2016; £0,78 
22/03/2016; £0,79 
23/03/2016; £0,79 
24/03/2016; £0,79 
25/03/2016; £0,79 
28/03/2016; £0,79 
29/03/2016; £0,78 
30/03/2016; £0,79 
31/03/2016; £0,79 
01/04/2016; £0,80 
04/04/2016; £0,80 
05/04/2016; £0,80 
06/04/2016; £0,81 
07/04/2016; £0,81 
08/04/2016; £0,81 
11/04/2016; £0,80 
12/04/2016; £0,80 
13/04/2016; £0,79 
14/04/2016; £0,80 
15/04/2016; £0,79 
18/04/2016; £0,79 
19/04/2016; £0,79 
20/04/2016; £0,79 
21/04/2016; £0,79 
22/04/2016; £0,78 
25/04/2016; £0,78 
26/04/2016; £0,77 
27/04/2016; £0,78 
28/04/2016; £0,78 
29/04/2016; £0,78 
02/05/2016; £0,79 
03/05/2016; £0,79 
04/05/2016; £0,79 
05/05/2016; £0,79 
06/05/2016; £0,79 
09/05/2016; £0,79 
10/05/2016; £0,79 
11/05/2016; £0,79 
12/05/2016; £0,79 
13/05/2016; £0,79 
16/05/2016; £0,79 
17/05/2016; £0,78 
18/05/2016; £0,77 
19/05/2016; £0,77 
20/05/2016; £0,77 
23/05/2016; £0,77 
24/05/2016; £0,76 
25/05/2016; £0,76 
26/05/2016; £0,76 
27/05/2016; £0,76 
30/05/2016; £0,76 
31/05/2016; £0,77 
01/06/2016; £0,78 
02/06/2016; £0,77 
03/06/2016; £0,78 
06/06/2016; £0,79 
07/06/2016; £0,78 
08/06/2016; £0,79 
09/06/2016; £0,78 
10/06/2016; £0,79 
13/06/2016; £0,79 
14/06/2016; £0,79 
15/06/2016; £0,79 
16/06/2016; £0,79 
17/06/2016; £0,79 
20/06/2016; £0,77 
21/06/2016; £0,77 
22/06/2016; £0,77 
23/06/2016; £0,77 
24/06/2016; £0,81 
27/06/2016; £0,83 
28/06/2016; £0,83 
29/06/2016; £0,83 
30/06/2016; £0,83 
01/07/2016; £0,84 
04/07/2016; £0,84 
05/07/2016; £0,85 
06/07/2016; £0,86 
07/07/2016; £0,86 
08/07/2016; £0,85 
11/07/2016; £0,85 
12/07/2016; £0,83 
13/07/2016; £0,84 
14/07/2016; £0,83 
15/07/2016; £0,84 
18/07/2016; £0,84 
19/07/2016; £0,84 
20/07/2016; £0,83 
21/07/2016; £0,83 
22/07/2016; £0,84 
25/07/2016; £0,84 
26/07/2016; £0,84 
27/07/2016; £0,84 
28/07/2016; £0,84 
29/07/2016; £0,84 
01/08/2016; £0,85 
02/08/2016; £0,84 
03/08/2016; £0,84 
04/08/2016; £0,85 
05/08/2016; £0,85 
08/08/2016; £0,85 
09/08/2016; £0,85 
10/08/2016; £0,86 
11/08/2016; £0,86 
12/08/2016; £0,86 
15/08/2016; £0,87 
16/08/2016; £0,86 
17/08/2016; £0,87 
18/08/2016; £0,86 
19/08/2016; £0,87 
22/08/2016; £0,86 
23/08/2016; £0,86 
24/08/2016; £0,85 
25/08/2016; £0,85 
26/08/2016; £0,85 
29/08/2016; £0,85 
30/08/2016; £0,85 
31/08/2016; £0,85 
01/09/2016; £0,84 
02/09/2016; £0,84 
05/09/2016; £0,84 
06/09/2016; £0,84 
07/09/2016; £0,84 
08/09/2016; £0,85 
09/09/2016; £0,85 
12/09/2016; £0,84 
13/09/2016; £0,85 
14/09/2016; £0,85 
15/09/2016; £0,85 
16/09/2016; £0,86 
19/09/2016; £0,86 
20/09/2016; £0,86 
21/09/2016; £0,86 
22/09/2016; £0,86 
23/09/2016; £0,86 
26/09/2016; £0,87 
27/09/2016; £0,86 
28/09/2016; £0,86 
29/09/2016; £0,87 
30/09/2016; £0,87 
03/10/2016; £0,87 
04/10/2016; £0,88 
05/10/2016; £0,88 
06/10/2016; £0,88 
07/10/2016; £0,90 
10/10/2016; £0,90 
11/10/2016; £0,91 
12/10/2016; £0,90 
13/10/2016; £0,90 
14/10/2016; £0,90 
17/10/2016; £0,90 
18/10/2016; £0,89 
19/10/2016; £0,89 
20/10/2016; £0,89 
21/10/2016; £0,89 
24/10/2016; £0,89 
25/10/2016; £0,89 
26/10/2016; £0,89 
27/10/2016; £0,90 
28/10/2016; £0,90 
31/10/2016; £0,90 
01/11/2016; £0,90 
02/11/2016; £0,90 
03/11/2016; £0,89 
04/11/2016; £0,89 
07/11/2016; £0,89 
08/11/2016; £0,89 
09/11/2016; £0,88 
10/11/2016; £0,87 
11/11/2016; £0,86 
14/11/2016; £0,86 
15/11/2016; £0,86 
16/11/2016; £0,86 
17/11/2016; £0,86 
18/11/2016; £0,86 
21/11/2016; £0,85 
22/11/2016; £0,86 
23/11/2016; £0,85 
24/11/2016; £0,85 
25/11/2016; £0,85 
28/11/2016; £0,85 
29/11/2016; £0,85 
30/11/2016; £0,85 
01/12/2016; £0,85 
02/12/2016; £0,84 
05/12/2016; £0,85 
06/12/2016; £0,85 
07/12/2016; £0,85 
08/12/2016; £0,84 
09/12/2016; £0,84 
12/12/2016; £0,84 
13/12/2016; £0,84 
14/12/2016; £0,84 
15/12/2016; £0,84 
16/12/2016; £0,84 
19/12/2016; £0,84 
20/12/2016; £0,84 
21/12/2016; £0,84 
22/12/2016; £0,85 
23/12/2016; £0,85 
26/12/2016; £0,85 
27/12/2016; £0,85 
28/12/2016; £0,85 
29/12/2016; £0,86 
30/12/2016; £0,85 
02/01/2017; £0,85 
03/01/2017; £0,85 
04/01/2017; £0,85 
05/01/2017; £0,85 
06/01/2017; £0,86 
09/01/2017; £0,87 
10/01/2017; £0,87 
11/01/2017; £0,87 
12/01/2017; £0,87 
13/01/2017; £0,87 
16/01/2017; £0,88 
17/01/2017; £0,86 
18/01/2017; £0,87 
19/01/2017; £0,86 
20/01/2017; £0,86 
23/01/2017; £0,86 
24/01/2017; £0,86 
25/01/2017; £0,85 
26/01/2017; £0,85 
27/01/2017; £0,85 
30/01/2017; £0,86 
31/01/2017; £0,86 
01/02/2017; £0,85 
02/02/2017; £0,86 
03/02/2017; £0,86 
06/02/2017; £0,86 
07/02/2017; £0,85 
08/02/2017; £0,85 
09/02/2017; £0,85 
10/02/2017; £0,85 
13/02/2017; £0,85 
14/02/2017; £0,85 
15/02/2017; £0,85 
16/02/2017; £0,85 
17/02/2017; £0,85 
20/02/2017; £0,85 
21/02/2017; £0,84 
22/02/2017; £0,85 
23/02/2017; £0,84 
24/02/2017; £0,85 
27/02/2017; £0,85 
28/02/2017; £0,85 
01/03/2017; £0,86 
02/03/2017; £0,86 
03/03/2017; £0,86 
06/03/2017; £0,86 
07/03/2017; £0,87 
08/03/2017; £0,87 
09/03/2017; £0,87 
10/03/2017; £0,88 
13/03/2017; £0,87 
14/03/2017; £0,87 
15/03/2017; £0,87 
16/03/2017; £0,87 
17/03/2017; £0,87 
20/03/2017; £0,87 
21/03/2017; £0,87 
22/03/2017; £0,86 
23/03/2017; £0,86 
24/03/2017; £0,87 
27/03/2017; £0,86 
28/03/2017; £0,87 
29/03/2017; £0,87 
30/03/2017; £0,86 
31/03/2017; £0,85 
03/04/2017; £0,85 
04/04/2017; £0,86 
05/04/2017; £0,85 
06/04/2017; £0,85 
07/04/2017; £0,86 
10/04/2017; £0,85 
11/04/2017; £0,85 
12/04/2017; £0,85 
13/04/2017; £0,85 
14/04/2017; £0,85 
17/04/2017; £0,85 
18/04/2017; £0,84 
19/04/2017; £0,84 
20/04/2017; £0,84 
21/04/2017; £0,84 
24/04/2017; £0,85 
25/04/2017; £0,85 
26/04/2017; £0,85 
27/04/2017; £0,84 
28/04/2017; £0,84 
01/05/2017; £0,85 
02/05/2017; £0,84 
03/05/2017; £0,85 
04/05/2017; £0,85 
05/05/2017; £0,85 
08/05/2017; £0,84 
09/05/2017; £0,84 
10/05/2017; £0,84 
11/05/2017; £0,84 
12/05/2017; £0,85 
15/05/2017; £0,85 
16/05/2017; £0,86 
17/05/2017; £0,86 
18/05/2017; £0,86 
19/05/2017; £0,86 
22/05/2017; £0,86 
23/05/2017; £0,86 
24/05/2017; £0,86 
25/05/2017; £0,87 
26/05/2017; £0,87 
29/05/2017; £0,87 
30/05/2017; £0,87 
31/05/2017; £0,87 
01/06/2017; £0,87 
02/06/2017; £0,88 
05/06/2017; £0,87 
06/06/2017; £0,87 
07/06/2017; £0,87 
08/06/2017; £0,87 
09/06/2017; £0,88 
12/06/2017; £0,88 
13/06/2017; £0,88 
14/06/2017; £0,88 
15/06/2017; £0,87 
16/06/2017; £0,88 
19/06/2017; £0,88 
20/06/2017; £0,88 
21/06/2017; £0,88 
22/06/2017; £0,88 
23/06/2017; £0,88 
26/06/2017; £0,88 
27/06/2017; £0,88 
28/06/2017; £0,88 
29/06/2017; £0,88 
30/06/2017; £0,88 
03/07/2017; £0,88 
04/07/2017; £0,88 
05/07/2017; £0,88 
06/07/2017; £0,88 
07/07/2017; £0,88 
10/07/2017; £0,88 
11/07/2017; £0,89 
12/07/2017; £0,89 
13/07/2017; £0,88 
14/07/2017; £0,88 
17/07/2017; £0,88 
18/07/2017; £0,89 
19/07/2017; £0,88 
20/07/2017; £0,90 
21/07/2017; £0,90 
24/07/2017; £0,89 
25/07/2017; £0,89 
26/07/2017; £0,89 
27/07/2017; £0,89 
28/07/2017; £0,89 
31/07/2017; £0,90 
01/08/2017; £0,89 
02/08/2017; £0,90 
03/08/2017; £0,90 
04/08/2017; £0,90 
07/08/2017; £0,90 
08/08/2017; £0,90 
09/08/2017; £0,90 
10/08/2017; £0,91 
11/08/2017; £0,91 
14/08/2017; £0,91 
15/08/2017; £0,91 
16/08/2017; £0,91 
17/08/2017; £0,91 
18/08/2017; £0,91 
21/08/2017; £0,92 
22/08/2017; £0,92 
23/08/2017; £0,92 
24/08/2017; £0,92 
25/08/2017; £0,93 
28/08/2017; £0,93 
29/08/2017; £0,93 
30/08/2017; £0,92 
31/08/2017; £0,92 
01/09/2017; £0,92 
04/09/2017; £0,92 
05/09/2017; £0,91 
06/09/2017; £0,91 
07/09/2017; £0,92 
08/09/2017; £0,91 
11/09/2017; £0,91 
12/09/2017; £0,90 
13/09/2017; £0,90 
14/09/2017; £0,89 
15/09/2017; £0,88 
18/09/2017; £0,89 
19/09/2017; £0,89 
20/09/2017; £0,88 
21/09/2017; £0,88 
22/09/2017; £0,89 
25/09/2017; £0,88 
26/09/2017; £0,88 
27/09/2017; £0,88 
28/09/2017; £0,88 
29/09/2017; £0,88 
02/10/2017; £0,88 
03/10/2017; £0,89 
04/10/2017; £0,89 
05/10/2017; £0,89 
06/10/2017; £0,90 
09/10/2017; £0,89 
10/10/2017; £0,89 
11/10/2017; £0,90 
12/10/2017; £0,89 
13/10/2017; £0,89 
16/10/2017; £0,89 
17/10/2017; £0,89 
18/10/2017; £0,89 
19/10/2017; £0,90 
20/10/2017; £0,89 
23/10/2017; £0,89 
24/10/2017; £0,90 
25/10/2017; £0,89 
26/10/2017; £0,89 
27/10/2017; £0,88 
30/10/2017; £0,88 
31/10/2017; £0,88 
01/11/2017; £0,88 
02/11/2017; £0,89 
03/11/2017; £0,89 
06/11/2017; £0,88 
07/11/2017; £0,88 
08/11/2017; £0,88 
09/11/2017; £0,89 
10/11/2017; £0,88 
13/11/2017; £0,89 
14/11/2017; £0,90 
15/11/2017; £0,89 
16/11/2017; £0,89 
17/11/2017; £0,89 
20/11/2017; £0,89 
21/11/2017; £0,89 
22/11/2017; £0,89 
23/11/2017; £0,89 
24/11/2017; £0,89 
27/11/2017; £0,89 
28/11/2017; £0,89 
29/11/2017; £0,88 
30/11/2017; £0,88 
01/12/2017; £0,88 
04/12/2017; £0,88 
05/12/2017; £0,88 
06/12/2017; £0,88 
07/12/2017; £0,87 
08/12/2017; £0,88 
11/12/2017; £0,88 
12/12/2017; £0,88 
13/12/2017; £0,88 
14/12/2017; £0,88 
15/12/2017; £0,88 
18/12/2017; £0,88 
19/12/2017; £0,88 
20/12/2017; £0,89 
21/12/2017; £0,89 
22/12/2017; £0,89 
25/12/2017; £0,89 
26/12/2017; £0,89 
27/12/2017; £0,89 
28/12/2017; £0,89 
29/12/2017; £0,89 
01/01/2018; £0,89 
02/01/2018; £0,89 
03/01/2018; £0,89 
04/01/2018; £0,89 
05/01/2018; £0,89 
08/01/2018; £0,88 
09/01/2018; £0,88 
10/01/2018; £0,88 
11/01/2018; £0,89 
12/01/2018; £0,89 
15/01/2018; £0,89 
16/01/2018; £0,89 
17/01/2018; £0,88 
18/01/2018; £0,88 
19/01/2018; £0,88 
22/01/2018; £0,88 
23/01/2018; £0,88 
24/01/2018; £0,87 
25/01/2018; £0,88 
26/01/2018; £0,88 
29/01/2018; £0,88 
30/01/2018; £0,88 
31/01/2018; £0,88 
01/02/2018; £0,88 
02/02/2018; £0,88 
05/02/2018; £0,89 
06/02/2018; £0,89 
07/02/2018; £0,88 
08/02/2018; £0,88 
09/02/2018; £0,88 
12/02/2018; £0,89 
13/02/2018; £0,89 
14/02/2018; £0,89 
15/02/2018; £0,89 
16/02/2018; £0,88 
19/02/2018; £0,89 
20/02/2018; £0,88 
21/02/2018; £0,88 
22/02/2018; £0,88 
23/02/2018; £0,88 
26/02/2018; £0,88 
27/02/2018; £0,88 
28/02/2018; £0,89 
01/03/2018; £0,89 
02/03/2018; £0,89 
05/03/2018; £0,89 
06/03/2018; £0,89 
07/03/2018; £0,89 
08/03/2018; £0,89 
09/03/2018; £0,89 
12/03/2018; £0,89 
13/03/2018; £0,89 
14/03/2018; £0,89 
15/03/2018; £0,88 
16/03/2018; £0,88 
19/03/2018; £0,88 
20/03/2018; £0,87 
21/03/2018; £0,87 
22/03/2018; £0,87 
23/03/2018; £0,87 
26/03/2018; £0,87 
27/03/2018; £0,88 
28/03/2018; £0,87 
29/03/2018; £0,88 
30/03/2018; £0,88 
02/04/2018; £0,88 
03/04/2018; £0,87 
04/04/2018; £0,87 
05/04/2018; £0,87 
06/04/2018; £0,87 
09/04/2018; £0,87 
10/04/2018; £0,87 
11/04/2018; £0,87 
12/04/2018; £0,87 
13/04/2018; £0,87 
16/04/2018; £0,86 
17/04/2018; £0,87 
18/04/2018; £0,87 
19/04/2018; £0,88 
20/04/2018; £0,88 
23/04/2018; £0,88 
24/04/2018; £0,88 
25/04/2018; £0,87 
26/04/2018; £0,87 
27/04/2018; £0,88 
30/04/2018; £0,88 
01/05/2018; £0,88 
02/05/2018; £0,88 
03/05/2018; £0,88 
04/05/2018; £0,88 
07/05/2018; £0,88 
08/05/2018; £0,88 
09/05/2018; £0,87 
10/05/2018; £0,88 
11/05/2018; £0,88 
14/05/2018; £0,88 
15/05/2018; £0,88 
16/05/2018; £0,88 
17/05/2018; £0,87 
18/05/2018; £0,87 
21/05/2018; £0,88 
22/05/2018; £0,88 
23/05/2018; £0,88 
24/05/2018; £0,88 
25/05/2018; £0,88 
28/05/2018; £0,87 
29/05/2018; £0,87 
30/05/2018; £0,88 
31/05/2018; £0,88 
01/06/2018; £0,87 
04/06/2018; £0,88 
05/06/2018; £0,87 
06/06/2018; £0,88 
07/06/2018; £0,88 
08/06/2018; £0,88 
11/06/2018; £0,88 
12/06/2018; £0,88 
13/06/2018; £0,88 
14/06/2018; £0,87 
15/06/2018; £0,87 
18/06/2018; £0,88 
19/06/2018; £0,88 
20/06/2018; £0,88 
21/06/2018; £0,88 
22/06/2018; £0,88 
25/06/2018; £0,88 
26/06/2018; £0,88 
27/06/2018; £0,88 
28/06/2018; £0,88 
29/06/2018; £0,88 
02/07/2018; £0,89 
03/07/2018; £0,88 
04/07/2018; £0,88 
05/07/2018; £0,88 
06/07/2018; £0,88 
09/07/2018; £0,89 
10/07/2018; £0,88 
11/07/2018; £0,88 
12/07/2018; £0,88 
13/07/2018; £0,88 
16/07/2018; £0,88 
17/07/2018; £0,89 
18/07/2018; £0,89 
19/07/2018; £0,89 
20/07/2018; £0,89 
23/07/2018; £0,89 
24/07/2018; £0,89 
25/07/2018; £0,89 
26/07/2018; £0,89 
27/07/2018; £0,89 
30/07/2018; £0,89 
31/07/2018; £0,89 
01/08/2018; £0,89 
02/08/2018; £0,89 
03/08/2018; £0,89 
06/08/2018; £0,89 
07/08/2018; £0,90 
08/08/2018; £0,90 
09/08/2018; £0,90 
10/08/2018; £0,89 
13/08/2018; £0,89 
14/08/2018; £0,89 
15/08/2018; £0,89 
16/08/2018; £0,89 
17/08/2018; £0,90 
20/08/2018; £0,90 
21/08/2018; £0,90 
22/08/2018; £0,90 
23/08/2018; £0,90 
24/08/2018; £0,90 
27/08/2018; £0,91 
28/08/2018; £0,91 
29/08/2018; £0,90 
30/08/2018; £0,90 
31/08/2018; £0,89 
03/09/2018; £0,90 
04/09/2018; £0,90 
05/09/2018; £0,90 
06/09/2018; £0,90 
07/09/2018; £0,89 
10/09/2018; £0,89 
11/09/2018; £0,89 
12/09/2018; £0,89 
13/09/2018; £0,89 
14/09/2018; £0,89 
17/09/2018; £0,89 
18/09/2018; £0,89 
19/09/2018; £0,89 
20/09/2018; £0,89 
21/09/2018; £0,90 
24/09/2018; £0,90 
25/09/2018; £0,89 
26/09/2018; £0,89 
27/09/2018; £0,89 
28/09/2018; £0,89 
01/10/2018; £0,89 
02/10/2018; £0,89 
03/10/2018; £0,89 
04/10/2018; £0,88 
05/10/2018; £0,88 
08/10/2018; £0,88 
09/10/2018; £0,87 
10/10/2018; £0,87 
11/10/2018; £0,88 
12/10/2018; £0,88 
15/10/2018; £0,88 
16/10/2018; £0,88 
17/10/2018; £0,88 
18/10/2018; £0,88 
19/10/2018; £0,88 
22/10/2018; £0,88 
23/10/2018; £0,88 
24/10/2018; £0,88 
25/10/2018; £0,89 
26/10/2018; £0,89 
29/10/2018; £0,89 
30/10/2018; £0,89 
31/10/2018; £0,89 
01/11/2018; £0,88 
02/11/2018; £0,88 
05/11/2018; £0,87 
06/11/2018; £0,87 
07/11/2018; £0,87 
08/11/2018; £0,87 
09/11/2018; £0,87 
12/11/2018; £0,87 
13/11/2018; £0,87 
14/11/2018; £0,87 
15/11/2018; £0,89 
16/11/2018; £0,89 
19/11/2018; £0,89 
20/11/2018; £0,89 
21/11/2018; £0,89 
22/11/2018; £0,89 
23/11/2018; £0,88 
26/11/2018; £0,88 
27/11/2018; £0,89 
28/11/2018; £0,89 
29/11/2018; £0,89 
30/11/2018; £0,89 
03/12/2018; £0,89 
04/12/2018; £0,89 
05/12/2018; £0,89 
06/12/2018; £0,89 
07/12/2018; £0,89 
10/12/2018; £0,90 
11/12/2018; £0,91 
12/12/2018; £0,90 
13/12/2018; £0,90 
14/12/2018; £0,90 
17/12/2018; £0,90 
18/12/2018; £0,90 
19/12/2018; £0,90 
20/12/2018; £0,90 
21/12/2018; £0,90 
24/12/2018; £0,90 
25/12/2018; £0,90 
26/12/2018; £0,90 
27/12/2018; £0,90 
28/12/2018; £0,90 
31/12/2018; £0,90 
01/01/2019; £0,90 
02/01/2019; £0,90 
03/01/2019; £0,90 
04/01/2019; £0,90 
07/01/2019; £0,90 
08/01/2019; £0,90 
09/01/2019; £0,90 
10/01/2019; £0,90 
11/01/2019; £0,89 
14/01/2019; £0,89 
15/01/2019; £0,89 
16/01/2019; £0,88 
17/01/2019; £0,88 
18/01/2019; £0,88 
21/01/2019; £0,88 
23/01/2019; £0,87 
24/01/2019; £0,87 
25/01/2019; £0,86 
28/01/2019; £0,87 
29/01/2019; £0,87 
30/01/2019; £0,88 
31/01/2019; £0,87 
01/02/2019; £0,88 
04/02/2019; £0,88 
05/02/2019; £0,88 
06/02/2019; £0,88 
07/02/2019; £0,88 
08/02/2019; £0,87 
11/02/2019; £0,88 
12/02/2019; £0,88 
13/02/2019; £0,88 
14/02/2019; £0,88 
15/02/2019; £0,88 
18/02/2019; £0,87 
19/02/2019; £0,87 
20/02/2019; £0,87 
21/02/2019; £0,87 
22/02/2019; £0,87 
25/02/2019; £0,87 
26/02/2019; £0,86 
27/02/2019; £0,85 
28/02/2019; £0,86 
01/03/2019; £0,86 
04/03/2019; £0,86 
05/03/2019; £0,86 
06/03/2019; £0,86 
07/03/2019; £0,86 
08/03/2019; £0,86 
11/03/2019; £0,86 
12/03/2019; £0,86 
13/03/2019; £0,85 
14/03/2019; £0,85 
15/03/2019; £0,85 
18/03/2019; £0,85 
19/03/2019; £0,86 
20/03/2019; £0,86 
21/03/2019; £0,87 
22/03/2019; £0,86 
25/03/2019; £0,86 
26/03/2019; £0,85 
27/03/2019; £0,85 
28/03/2019; £0,86 
29/03/2019; £0,86 
01/04/2019; £0,86 
02/04/2019; £0,85 
03/04/2019; £0,85 
04/04/2019; £0,86 
05/04/2019; £0,86 
08/04/2019; £0,86 
09/04/2019; £0,86 
10/04/2019; £0,86 
11/04/2019; £0,86 
12/04/2019; £0,86 
15/04/2019; £0,86 
16/04/2019; £0,86 
17/04/2019; £0,87 
18/04/2019; £0,86 
19/04/2019; £0,87 
22/04/2019; £0,87 
23/04/2019; £0,87 
24/04/2019; £0,86 
25/04/2019; £0,86 
26/04/2019; £0,86 
29/04/2019; £0,86 
30/04/2019; £0,86 
01/05/2019; £0,86 
02/05/2019; £0,86 
03/05/2019; £0,85 
06/05/2019; £0,85 
07/05/2019; £0,86 
08/05/2019; £0,86 
09/05/2019; £0,86 
10/05/2019; £0,86 
13/05/2019; £0,87 
14/05/2019; £0,87 
16/05/2019; £0,87 
17/05/2019; £0,88 
20/05/2019; £0,88 
21/05/2019; £0,88 
22/05/2019; £0,88 
23/05/2019; £0,88 
24/05/2019; £0,88 
27/05/2019; £0,88 
28/05/2019; £0,88 
29/05/2019; £0,88 
30/05/2019; £0,88 
31/05/2019; £0,88 
03/06/2019; £0,89 
04/06/2019; £0,89 
05/06/2019; £0,88 
06/06/2019; £0,89 
07/06/2019; £0,89 
10/06/2019; £0,89 
11/06/2019; £0,89 
12/06/2019; £0,89 
13/06/2019; £0,89 
14/06/2019; £0,89 
17/06/2019; £0,89 
18/06/2019; £0,89 
19/06/2019; £0,89 
20/06/2019; £0,89 
21/06/2019; £0,89 
24/06/2019; £0,89 
25/06/2019; £0,90 
26/06/2019; £0,90 
27/06/2019; £0,90 
28/06/2019; £0,90 
01/07/2019; £0,89 
02/07/2019; £0,90 
03/07/2019; £0,90 
04/07/2019; £0,90 
05/07/2019; £0,90 
08/07/2019; £0,90 
09/07/2019; £0,90 
10/07/2019; £0,90 
11/07/2019; £0,90 
12/07/2019; £0,90 
15/07/2019; £0,90 
16/07/2019; £0,90 
17/07/2019; £0,90 
18/07/2019; £0,90 
19/07/2019; £0,90 
22/07/2019; £0,90 
23/07/2019; £0,90 
24/07/2019; £0,89 
25/07/2019; £0,89 
26/07/2019; £0,90 
29/07/2019; £0,91 
30/07/2019; £0,92 
31/07/2019; £0,91 
01/08/2019; £0,91 
02/08/2019; £0,91 
05/08/2019; £0,92 
06/08/2019; £0,92 
07/08/2019; £0,92 
08/08/2019; £0,92 
09/08/2019; £0,93 
12/08/2019; £0,93 
13/08/2019; £0,93 
14/08/2019; £0,92 
15/08/2019; £0,92 
16/08/2019; £0,91 
19/08/2019; £0,91 
20/08/2019; £0,91 
21/08/2019; £0,91 
22/08/2019; £0,90 
23/08/2019; £0,91 
26/08/2019; £0,91 
27/08/2019; £0,90 
28/08/2019; £0,91 
29/08/2019; £0,91 
30/08/2019; £0,90 
02/09/2019; £0,91 
03/09/2019; £0,91 
04/09/2019; £0,90 
05/09/2019; £0,89 
06/09/2019; £0,90 
09/09/2019; £0,89 
10/09/2019; £0,89 
11/09/2019; £0,89 
12/09/2019; £0,90 
13/09/2019; £0,89 
16/09/2019; £0,88 
17/09/2019; £0,89 
18/09/2019; £0,88 
19/09/2019; £0,88 
20/09/2019; £0,88 
23/09/2019; £0,88 
24/09/2019; £0,88 
25/09/2019; £0,89 
26/09/2019; £0,89 
27/09/2019; £0,89 
30/09/2019; £0,89 
01/10/2019; £0,89 
02/10/2019; £0,89 
03/10/2019; £0,89 
04/10/2019; £0,89 
07/10/2019; £0,89 
08/10/2019; £0,90 
09/10/2019; £0,90 
10/10/2019; £0,88 
11/10/2019; £0,87 
14/10/2019; £0,87 
15/10/2019; £0,86 
16/10/2019; £0,86 
17/10/2019; £0,86 
18/10/2019; £0,86 
21/10/2019; £0,86 
22/10/2019; £0,86 
23/10/2019; £0,86 
24/10/2019; £0,86 
25/10/2019; £0,86 
28/10/2019; £0,86 
29/10/2019; £0,86 
30/10/2019; £0,86 
31/10/2019; £0,86 
01/11/2019; £0,86 
04/11/2019; £0,86 
05/11/2019; £0,86 
06/11/2019; £0,86 
07/11/2019; £0,86 
08/11/2019; £0,86 
11/11/2019; £0,86 
12/11/2019; £0,86 
13/11/2019; £0,86 
14/11/2019; £0,86 
15/11/2019; £0,86 
18/11/2019; £0,85 
19/11/2019; £0,86 
20/11/2019; £0,86 
21/11/2019; £0,86 
22/11/2019; £0,86 
25/11/2019; £0,85 
26/11/2019; £0,86 
27/11/2019; £0,85 
28/11/2019; £0,85 
29/11/2019; £0,85 
02/12/2019; £0,86 
03/12/2019; £0,85 
04/12/2019; £0,85 
05/12/2019; £0,84 
06/12/2019; £0,84 
09/12/2019; £0,84 
10/12/2019; £0,84 
11/12/2019; £0,84 
12/12/2019; £0,85 
13/12/2019; £0,83 
16/12/2019; £0,84 
17/12/2019; £0,85 
18/12/2019; £0,85 
19/12/2019; £0,85 
20/12/2019; £0,85 
23/12/2019; £0,86 
24/12/2019; £0,86 
25/12/2019; £0,86 
26/12/2019; £0,85 
27/12/2019; £0,85 
30/12/2019; £0,85 
31/12/2019; £0,84 
01/01/2020; £0,85 
02/01/2020; £0,85 
03/01/2020; £0,85 
06/01/2020; £0,85 
07/01/2020; £0,85 
08/01/2020; £0,85 
09/01/2020; £0,85 
10/01/2020; £0,85 
13/01/2020; £0,86 
14/01/2020; £0,85 
15/01/2020; £0,86 
16/01/2020; £0,85 
17/01/2020; £0,85 
20/01/2020; £0,85 
21/01/2020; £0,85 
22/01/2020; £0,84 
23/01/2020; £0,84 
24/01/2020; £0,84 
27/01/2020; £0,84 
28/01/2020; £0,85 
29/01/2020; £0,85 
30/01/2020; £0,84 
31/01/2020; £0,84 
03/02/2020; £0,85 
04/02/2020; £0,85 
05/02/2020; £0,85 
06/02/2020; £0,85 
07/02/2020; £0,85 
10/02/2020; £0,84 
11/02/2020; £0,84 
12/02/2020; £0,84 
13/02/2020; £0,83 
14/02/2020; £0,83 
17/02/2020; £0,83 
18/02/2020; £0,83 
19/02/2020; £0,84 
20/02/2020; £0,84 
21/02/2020; £0,84 
24/02/2020; £0,84 
25/02/2020; £0,84 
26/02/2020; £0,84 
27/02/2020; £0,85 
28/02/2020; £0,86 
02/03/2020; £0,87 
03/03/2020; £0,87 
04/03/2020; £0,86 
05/03/2020; £0,87 
06/03/2020; £0,86 
09/03/2020; £0,87 
10/03/2020; £0,87 
11/03/2020; £0,88 
12/03/2020; £0,89 
13/03/2020; £0,90 
16/03/2020; £0,91 
17/03/2020; £0,91 
18/03/2020; £0,94 
19/03/2020; £0,93 
20/03/2020; £0,92 
23/03/2020; £0,93 
24/03/2020; £0,92 
25/03/2020; £0,92 
26/03/2020; £0,90 
27/03/2020; £0,89 
30/03/2020; £0,89 
31/03/2020; £0,89 
01/04/2020; £0,89 
02/04/2020; £0,88 
03/04/2020; £0,88 
06/04/2020; £0,88 
07/04/2020; £0,88 
08/04/2020; £0,88 
09/04/2020; £0,88 
10/04/2020; £0,88 
13/04/2020; £0,87 
14/04/2020; £0,87 
15/04/2020; £0,87 
16/04/2020; £0,87 
17/04/2020; £0,87 
20/04/2020; £0,87 
21/04/2020; £0,88 
22/04/2020; £0,88 
23/04/2020; £0,87 
24/04/2020; £0,87 
27/04/2020; £0,87 
28/04/2020; £0,87 
29/04/2020; £0,87 
30/04/2020; £0,87 
01/05/2020; £0,88 
04/05/2020; £0,88 
05/05/2020; £0,87 
06/05/2020; £0,87 
07/05/2020; £0,88 
08/05/2020; £0,87 
11/05/2020; £0,88 
12/05/2020; £0,88 
13/05/2020; £0,88 
14/05/2020; £0,88 
15/05/2020; £0,89 
18/05/2020; £0,89 
19/05/2020; £0,89 
20/05/2020; £0,90 
21/05/2020; £0,90 
22/05/2020; £0,90 
25/05/2020; £0,89 
26/05/2020; £0,89 
27/05/2020; £0,90 
28/05/2020; £0,90 
29/05/2020; £0,90 
01/06/2020; £0,89 
02/06/2020; £0,89 
03/06/2020; £0,89 
04/06/2020; £0,90 
05/06/2020; £0,89 
08/06/2020; £0,89 
09/06/2020; £0,89 
10/06/2020; £0,89 
11/06/2020; £0,90 
12/06/2020; £0,90 
15/06/2020; £0,90 
16/06/2020; £0,90 
17/06/2020; £0,90 
18/06/2020; £0,90 
19/06/2020; £0,90 
22/06/2020; £0,90 
23/06/2020; £0,90 
24/06/2020; £0,91 
25/06/2020; £0,90 
26/06/2020; £0,91 
29/06/2020; £0,91 
30/06/2020; £0,91 
01/07/2020; £0,90 
02/07/2020; £0,90 
03/07/2020; £0,90 
06/07/2020; £0,91 
07/07/2020; £0,90 
08/07/2020; £0,90 
09/07/2020; £0,90 
10/07/2020; £0,90 
13/07/2020; £0,90 
14/07/2020; £0,91 
15/07/2020; £0,91 
16/07/2020; £0,91 
17/07/2020; £0,91 
20/07/2020; £0,90 
21/07/2020; £0,91 
22/07/2020; £0,91 
23/07/2020; £0,91 
24/07/2020; £0,91 
27/07/2020; £0,91 
28/07/2020; £0,91 
29/07/2020; £0,91 
30/07/2020; £0,90 
31/07/2020; £0,90 
03/08/2020; £0,90 
04/08/2020; £0,90 
05/08/2020; £0,90 
06/08/2020; £0,90 
07/08/2020; £0,90 
10/08/2020; £0,90 
11/08/2020; £0,90 
12/08/2020; £0,90 
13/08/2020; £0,90 
14/08/2020; £0,90 
17/08/2020; £0,91 
18/08/2020; £0,90 
19/08/2020; £0,90 
20/08/2020; £0,90 
21/08/2020; £0,90 
24/08/2020; £0,90 
25/08/2020; £0,90 
26/08/2020; £0,90 
27/08/2020; £0,90 
28/08/2020; £0,89 
31/08/2020; £0,89 
01/09/2020; £0,89 
02/09/2020; £0,89 
03/09/2020; £0,89 
04/09/2020; £0,89 
07/09/2020; £0,90 
08/09/2020; £0,91 
09/09/2020; £0,91 
10/09/2020; £0,92 
11/09/2020; £0,93 
14/09/2020; £0,92 
15/09/2020; £0,92 
16/09/2020; £0,91 
17/09/2020; £0,91 
18/09/2020; £0,92 
21/09/2020; £0,92 
22/09/2020; £0,92 
23/09/2020; £0,92 
24/09/2020; £0,92 
25/09/2020; £0,91 
28/09/2020; £0,91 
29/09/2020; £0,91 
30/09/2020; £0,91 
01/10/2020; £0,91 
02/10/2020; £0,91 
05/10/2020; £0,91 
06/10/2020; £0,91 
07/10/2020; £0,91 
08/10/2020; £0,91 
09/10/2020; £0,91 
12/10/2020; £0,90 
13/10/2020; £0,91 
14/10/2020; £0,90 
15/10/2020; £0,91 
16/10/2020; £0,91 
19/10/2020; £0,91 
20/10/2020; £0,91 
21/10/2020; £0,90 
22/10/2020; £0,90 
23/10/2020; £0,91 
26/10/2020; £0,91 
27/10/2020; £0,90 
28/10/2020; £0,90 
29/10/2020; £0,90 
30/10/2020; £0,90 
02/11/2020; £0,90 
03/11/2020; £0,90 
04/11/2020; £0,90 
05/11/2020; £0,90 
06/11/2020; £0,90 
09/11/2020; £0,90 
10/11/2020; £0,89 
11/11/2020; £0,89 
12/11/2020; £0,90 
13/11/2020; £0,90 
16/11/2020; £0,90 
17/11/2020; £0,90 
18/11/2020; £0,89 
19/11/2020; £0,90 
20/11/2020; £0,89 
23/11/2020; £0,89 
24/11/2020; £0,89 
25/11/2020; £0,89 
26/11/2020; £0,89 
27/11/2020; £0,90 
30/11/2020; £0,90 
01/12/2020; £0,90 
02/12/2020; £0,91 
03/12/2020; £0,90 
04/12/2020; £0,90 
07/12/2020; £0,90 
08/12/2020; £0,91 
09/12/2020; £0,90 
10/12/2020; £0,91 
11/12/2020; £0,92 
14/12/2020; £0,91 
15/12/2020; £0,90 
16/12/2020; £0,90 
17/12/2020; £0,90 
18/12/2020; £0,91 
21/12/2020; £0,91 
22/12/2020; £0,91 
23/12/2020; £0,90 
24/12/2020; £0,90 
25/12/2020; £0,90 
28/12/2020; £0,91 
29/12/2020; £0,91 
30/12/2020; £0,90 
31/12/2020; £0,89 
01/01/2021; £0,89 
04/01/2021; £0,90 
05/01/2021; £0,90 
06/01/2021; £0,91 
07/01/2021; £0,90 
08/01/2021; £0,90 
11/01/2021; £0,90 
12/01/2021; £0,89 
13/01/2021; £0,89 
14/01/2021; £0,89 
15/01/2021; £0,89 
18/01/2021; £0,89 
19/01/2021; £0,89 
20/01/2021; £0,89 
21/01/2021; £0,89 
22/01/2021; £0,89 
25/01/2021; £0,89 
26/01/2021; £0,88 
27/01/2021; £0,88 
28/01/2021; £0,88 
29/01/2021; £0,89 
01/02/2021; £0,88 
02/02/2021; £0,88 
03/02/2021; £0,88 
04/02/2021; £0,87 
05/02/2021; £0,88 
08/02/2021; £0,88 
09/02/2021; £0,88 
10/02/2021; £0,88 
11/02/2021; £0,88 
12/02/2021; £0,88 
15/02/2021; £0,87 
16/02/2021; £0,87 
17/02/2021; £0,87 
18/02/2021; £0,86 
19/02/2021; £0,86 
22/02/2021; £0,86 
23/02/2021; £0,86 
24/02/2021; £0,86 
25/02/2021; £0,87 
26/02/2021; £0,87 
01/03/2021; £0,87 
02/03/2021; £0,87 
03/03/2021; £0,86 
04/03/2021; £0,86 
05/03/2021; £0,86 
08/03/2021; £0,86 
09/03/2021; £0,86 
10/03/2021; £0,86 
11/03/2021; £0,86 
12/03/2021; £0,86 
15/03/2021; £0,86 
16/03/2021; £0,86 
17/03/2021; £0,86 
18/03/2021; £0,86 
19/03/2021; £0,86 
22/03/2021; £0,86 
23/03/2021; £0,86 
24/03/2021; £0,86 
25/03/2021; £0,86 
26/03/2021; £0,86 
29/03/2021; £0,85 
30/03/2021; £0,85 
31/03/2021; £0,85 
01/04/2021; £0,85 
02/04/2021; £0,85 
05/04/2021; £0,85 
06/04/2021; £0,86 
07/04/2021; £0,86 
08/04/2021; £0,87 
09/04/2021; £0,87 
12/04/2021; £0,87 
13/04/2021; £0,87 
14/04/2021; £0,87 
15/04/2021; £0,87 
16/04/2021; £0,87 
19/04/2021; £0,86 
20/04/2021; £0,86 
21/04/2021; £0,86 
22/04/2021; £0,87 
23/04/2021; £0,87 
26/04/2021; £0,87 
27/04/2021; £0,87 
28/04/2021; £0,87 
29/04/2021; £0,87 
30/04/2021; £0,87 
03/05/2021; £0,87 
04/05/2021; £0,87 
05/05/2021; £0,86 
06/05/2021; £0,87 
07/05/2021; £0,87 
10/05/2021; £0,86 
11/05/2021; £0,86 
12/05/2021; £0,86 
13/05/2021; £0,86 
14/05/2021; £0,86 
17/05/2021; £0,86 
18/05/2021; £0,86 
19/05/2021; £0,86 
20/05/2021; £0,86 
21/05/2021; £0,86 
24/05/2021; £0,86 
25/05/2021; £0,87 
26/05/2021; £0,86 
27/05/2021; £0,86 
28/05/2021; £0,86 
31/05/2021; £0,86 
01/06/2021; £0,86 
02/06/2021; £0,86 
03/06/2021; £0,86 
04/06/2021; £0,86 
07/06/2021; £0,86 
08/06/2021; £0,86 
09/06/2021; £0,86 
10/06/2021; £0,86 
11/06/2021; £0,86 
14/06/2021; £0,86 
15/06/2021; £0,86 
16/06/2021; £0,86 
17/06/2021; £0,86 
18/06/2021; £0,86 
21/06/2021; £0,85 
22/06/2021; £0,86 
23/06/2021; £0,85 
24/06/2021; £0,86 
25/06/2021; £0,86 
28/06/2021; £0,86 
29/06/2021; £0,86 
30/06/2021; £0,86 
01/07/2021; £0,86 
02/07/2021; £0,86 
05/07/2021; £0,86 
06/07/2021; £0,86 
07/07/2021; £0,85 
08/07/2021; £0,86 
09/07/2021; £0,85 
12/07/2021; £0,85 
13/07/2021; £0,85 
14/07/2021; £0,85 
15/07/2021; £0,85 
16/07/2021; £0,86 
19/07/2021; £0,86 
20/07/2021; £0,86 
21/07/2021; £0,86 
22/07/2021; £0,85 
23/07/2021; £0,86 
26/07/2021; £0,85 
27/07/2021; £0,85 
28/07/2021; £0,85 
29/07/2021; £0,85 
30/07/2021; £0,85 
02/08/2021; £0,85 
03/08/2021; £0,85 
04/08/2021; £0,85 
05/08/2021; £0,85 
06/08/2021; £0,85 
09/08/2021; £0,85 
10/08/2021; £0,85 
11/08/2021; £0,85 
12/08/2021; £0,85 
13/08/2021; £0,85 
16/08/2021; £0,85 
17/08/2021; £0,85 
18/08/2021; £0,85 
19/08/2021; £0,86 
20/08/2021; £0,86 
23/08/2021; £0,86 
24/08/2021; £0,86 
25/08/2021; £0,86 
26/08/2021; £0,86 
27/08/2021; £0,86 
30/08/2021; £0,86 
31/08/2021; £0,86 
01/09/2021; £0,86 
02/09/2021; £0,86 
03/09/2021; £0,86 
06/09/2021; £0,86 
07/09/2021; £0,86 
08/09/2021; £0,86 
09/09/2021; £0,85 
10/09/2021; £0,85 
13/09/2021; £0,85 
14/09/2021; £0,85 
15/09/2021; £0,85 
16/09/2021; £0,85 
17/09/2021; £0,85 
20/09/2021; £0,86 
21/09/2021; £0,86 
22/09/2021; £0,86 
23/09/2021; £0,86 
24/09/2021; £0,86 
27/09/2021; £0,85 
28/09/2021; £0,86 
29/09/2021; £0,86 
30/09/2021; £0,86 
01/10/2021; £0,86 
04/10/2021; £0,85 
05/10/2021; £0,85 
06/10/2021; £0,85 
07/10/2021; £0,85 
08/10/2021; £0,85 
11/10/2021; £0,85 
12/10/2021; £0,85 
13/10/2021; £0,85 
14/10/2021; £0,85 
15/10/2021; £0,84 
18/10/2021; £0,85 
19/10/2021; £0,84 
20/10/2021; £0,84 
21/10/2021; £0,84 
22/10/2021; £0,85 
25/10/2021; £0,84 
26/10/2021; £0,84 
27/10/2021; £0,84 
28/10/2021; £0,85 
29/10/2021; £0,84 
01/11/2021; £0,85 
02/11/2021; £0,85 
03/11/2021; £0,85 
04/11/2021; £0,86 
05/11/2021; £0,86 
08/11/2021; £0,85 
09/11/2021; £0,85 
10/11/2021; £0,86 
11/11/2021; £0,86 
12/11/2021; £0,85 
15/11/2021; £0,85 
16/11/2021; £0,84 
17/11/2021; £0,84 
18/11/2021; £0,84 
19/11/2021; £0,84 
22/11/2021; £0,84 
23/11/2021; £0,84 
24/11/2021; £0,84 
25/11/2021; £0,84 
26/11/2021; £0,85 
29/11/2021; £0,85 
30/11/2021; £0,85 
01/12/2021; £0,85 
02/12/2021; £0,85 
03/12/2021; £0,85 
06/12/2021; £0,85 
07/12/2021; £0,85 
08/12/2021; £0,86 
09/12/2021; £0,85 
10/12/2021; £0,85 
13/12/2021; £0,85 
14/12/2021; £0,85 
15/12/2021; £0,85 
16/12/2021; £0,85 
17/12/2021; £0,85 
20/12/2021; £0,85 
21/12/2021; £0,85 
22/12/2021; £0,85 
23/12/2021; £0,84 
24/12/2021; £0,85 
27/12/2021; £0,84 
28/12/2021; £0,84 
29/12/2021; £0,84 
30/12/2021; £0,84 
31/12/2021; £0,84 
03/01/2022; £0,84 
04/01/2022; £0,83 
05/01/2022; £0,83 
06/01/2022; £0,83 
07/01/2022; £0,84 
