GBP/JPY;
Date;Clôture
06/01/2014; ¥170,95 
07/01/2014; ¥171,55 
08/01/2014; ¥172,45 
09/01/2014; ¥172,73 
10/01/2014; ¥171,58 
13/01/2014; ¥168,70 
14/01/2014; ¥171,28 
15/01/2014; ¥171,13 
16/01/2014; ¥170,63 
17/01/2014; ¥171,25 
20/01/2014; ¥171,12 
21/01/2014; ¥171,83 
22/01/2014; ¥173,21 
23/01/2014; ¥171,77 
24/01/2014; ¥168,57 
27/01/2014; ¥170,05 
28/01/2014; ¥170,66 
29/01/2014; ¥169,38 
30/01/2014; ¥169,29 
31/01/2014; ¥167,66 
03/02/2014; ¥164,62 
04/02/2014; ¥165,92 
05/02/2014; ¥165,41 
06/02/2014; ¥166,59 
07/02/2014; ¥167,91 
10/02/2014; ¥167,67 
11/02/2014; ¥168,81 
12/02/2014; ¥170,12 
13/02/2014; ¥170,15 
14/02/2014; ¥170,40 
17/02/2014; ¥170,28 
18/02/2014; ¥170,75 
19/02/2014; ¥170,63 
20/02/2014; ¥170,26 
21/02/2014; ¥170,33 
24/02/2014; ¥170,72 
25/02/2014; ¥170,49 
26/02/2014; ¥170,64 
27/02/2014; ¥170,38 
28/02/2014; ¥170,44 
03/03/2014; ¥169,03 
04/03/2014; ¥170,29 
05/03/2014; ¥171,02 
06/03/2014; ¥172,49 
07/03/2014; ¥172,56 
10/03/2014; ¥171,85 
11/03/2014; ¥171,13 
12/03/2014; ¥170,75 
13/03/2014; ¥169,28 
14/03/2014; ¥168,66 
17/03/2014; ¥169,26 
18/03/2014; ¥168,29 
19/03/2014; ¥169,26 
20/03/2014; ¥168,96 
21/03/2014; ¥168,52 
24/03/2014; ¥168,64 
25/03/2014; ¥168,99 
26/03/2014; ¥169,23 
27/03/2014; ¥169,70 
28/03/2014; ¥171,03 
31/03/2014; ¥171,94 
01/04/2014; ¥172,34 
02/04/2014; ¥172,65 
03/04/2014; ¥172,46 
04/04/2014; ¥171,22 
07/04/2014; ¥171,20 
08/04/2014; ¥170,46 
09/04/2014; ¥171,23 
10/04/2014; ¥170,36 
11/04/2014; ¥170,01 
14/04/2014; ¥170,32 
15/04/2014; ¥170,48 
16/04/2014; ¥171,69 
17/04/2014; ¥171,91 
18/04/2014; ¥172,07 
21/04/2014; ¥172,28 
22/04/2014; ¥172,59 
23/04/2014; ¥172,05 
24/04/2014; ¥171,89 
25/04/2014; ¥171,64 
28/04/2014; ¥172,24 
29/04/2014; ¥172,64 
30/04/2014; ¥172,48 
01/05/2014; ¥172,83 
02/05/2014; ¥172,33 
05/05/2014; ¥172,23 
06/05/2014; ¥172,56 
07/05/2014; ¥172,74 
08/05/2014; ¥172,10 
09/05/2014; ¥171,61 
12/05/2014; ¥172,23 
13/05/2014; ¥172,04 
14/05/2014; ¥170,80 
15/05/2014; ¥170,49 
16/05/2014; ¥170,64 
19/05/2014; ¥170,61 
20/05/2014; ¥170,59 
21/05/2014; ¥171,27 
22/05/2014; ¥171,58 
23/05/2014; ¥171,64 
26/05/2014; ¥171,67 
27/05/2014; ¥171,40 
28/05/2014; ¥170,16 
29/05/2014; ¥170,14 
30/05/2014; ¥170,48 
02/06/2014; ¥171,40 
03/06/2014; ¥171,68 
04/06/2014; ¥171,95 
05/06/2014; ¥172,20 
06/06/2014; ¥172,15 
09/06/2014; ¥172,23 
10/06/2014; ¥171,49 
11/06/2014; ¥171,33 
12/06/2014; ¥172,17 
13/06/2014; ¥173,11 
16/06/2014; ¥172,93 
17/06/2014; ¥173,26 
18/06/2014; ¥173,17 
19/06/2014; ¥173,61 
20/06/2014; ¥173,60 
23/06/2014; ¥173,54 
24/06/2014; ¥173,19 
25/06/2014; ¥172,99 
26/06/2014; ¥173,20 
27/06/2014; ¥172,65 
30/06/2014; ¥173,26 
01/07/2014; ¥174,09 
02/07/2014; ¥174,67 
03/07/2014; ¥175,27 
04/07/2014; ¥175,18 
07/07/2014; ¥174,38 
08/07/2014; ¥173,99 
09/07/2014; ¥174,34 
10/07/2014; ¥173,58 
11/07/2014; ¥173,55 
14/07/2014; ¥173,44 
15/07/2014; ¥174,29 
16/07/2014; ¥174,22 
17/07/2014; ¥172,95 
18/07/2014; ¥173,12 
21/07/2014; ¥173,11 
22/07/2014; ¥173,12 
23/07/2014; ¥172,93 
24/07/2014; ¥172,91 
25/07/2014; ¥172,81 
28/07/2014; ¥172,96 
29/07/2014; ¥173,00 
30/07/2014; ¥173,83 
31/07/2014; ¥173,55 
01/08/2014; ¥172,59 
04/08/2014; ¥172,97 
05/08/2014; ¥173,21 
06/08/2014; ¥172,05 
07/08/2014; ¥171,80 
08/08/2014; ¥171,14 
11/08/2014; ¥171,52 
12/08/2014; ¥171,90 
13/08/2014; ¥170,88 
14/08/2014; ¥170,90 
15/08/2014; ¥170,85 
18/08/2014; ¥171,54 
19/08/2014; ¥170,96 
20/08/2014; ¥172,13 
21/08/2014; ¥172,11 
22/08/2014; ¥172,19 
25/08/2014; ¥172,45 
26/08/2014; ¥172,09 
27/08/2014; ¥172,13 
28/08/2014; ¥171,98 
29/08/2014; ¥172,69 
01/09/2014; ¥173,29 
02/09/2014; ¥173,04 
03/09/2014; ¥172,49 
04/09/2014; ¥171,89 
05/09/2014; ¥171,54 
08/09/2014; ¥170,73 
09/09/2014; ¥171,00 
10/09/2014; ¥173,17 
11/09/2014; ¥174,08 
12/09/2014; ¥174,57 
15/09/2014; ¥173,93 
16/09/2014; ¥174,34 
17/09/2014; ¥176,35 
18/09/2014; ¥178,25 
19/09/2014; ¥177,53 
22/09/2014; ¥178,06 
23/09/2014; ¥178,41 
24/09/2014; ¥178,10 
25/09/2014; ¥177,41 
26/09/2014; ¥177,51 
29/09/2014; ¥177,76 
30/09/2014; ¥177,75 
01/10/2014; ¥176,20 
02/10/2014; ¥175,00 
03/10/2014; ¥175,18 
06/10/2014; ¥174,94 
07/10/2014; ¥173,84 
08/10/2014; ¥174,73 
09/10/2014; ¥173,80 
10/10/2014; ¥173,05 
13/10/2014; ¥171,81 
14/10/2014; ¥170,23 
15/10/2014; ¥169,64 
16/10/2014; ¥171,04 
17/10/2014; ¥171,98 
20/10/2014; ¥172,84 
21/10/2014; ¥172,32 
22/10/2014; ¥171,96 
23/10/2014; ¥173,50 
24/10/2014; ¥173,98 
27/10/2014; ¥173,79 
28/10/2014; ¥174,43 
29/10/2014; ¥174,31 
30/10/2014; ¥174,70 
31/10/2014; ¥179,62 
03/11/2014; ¥182,11 
04/11/2014; ¥181,75 
05/11/2014; ¥183,11 
06/11/2014; ¥182,35 
07/11/2014; ¥181,77 
10/11/2014; ¥181,92 
11/11/2014; ¥184,28 
12/11/2014; ¥182,20 
13/11/2014; ¥181,80 
14/11/2014; ¥182,16 
17/11/2014; ¥182,42 
18/11/2014; ¥182,66 
19/11/2014; ¥184,99 
20/11/2014; ¥185,49 
21/11/2014; ¥184,39 
24/11/2014; ¥185,73 
25/11/2014; ¥185,30 
26/11/2014; ¥185,88 
27/11/2014; ¥185,18 
28/11/2014; ¥185,58 
01/12/2014; ¥186,20 
02/12/2014; ¥186,35 
03/12/2014; ¥187,86 
04/12/2014; ¥187,72 
05/12/2014; ¥189,17 
08/12/2014; ¥188,85 
09/12/2014; ¥187,54 
10/12/2014; ¥185,08 
11/12/2014; ¥186,65 
12/12/2014; ¥186,68 
15/12/2014; ¥184,20 
16/12/2014; ¥183,29 
17/12/2014; ¥184,77 
18/12/2014; ¥186,17 
19/12/2014; ¥186,75 
22/12/2014; ¥187,13 
23/12/2014; ¥187,29 
24/12/2014; ¥187,44 
25/12/2014; ¥186,57 
26/12/2014; ¥187,25 
29/12/2014; ¥187,15 
30/12/2014; ¥185,84 
31/12/2014; ¥186,38 
01/01/2015; ¥186,17 
02/01/2015; ¥184,65 
05/01/2015; ¥182,41 
06/01/2015; ¥179,36 
07/01/2015; ¥180,16 
08/01/2015; ¥180,52 
09/01/2015; ¥179,62 
12/01/2015; ¥179,52 
13/01/2015; ¥178,74 
14/01/2015; ¥178,70 
15/01/2015; ¥176,42 
16/01/2015; ¥178,16 
19/01/2015; ¥177,62 
20/01/2015; ¥179,88 
21/01/2015; ¥178,57 
22/01/2015; ¥177,81 
23/01/2015; ¥176,46 
26/01/2015; ¥178,60 
27/01/2015; ¥179,12 
28/01/2015; ¥177,86 
29/01/2015; ¥178,16 
30/01/2015; ¥176,94 
02/02/2015; ¥176,82 
03/02/2015; ¥178,28 
04/02/2015; ¥178,01 
05/02/2015; ¥180,07 
06/02/2015; ¥181,33 
09/02/2015; ¥180,48 
10/02/2015; ¥182,14 
11/02/2015; ¥183,52 
12/02/2015; ¥183,20 
13/02/2015; ¥182,79 
16/02/2015; ¥181,98 
17/02/2015; ¥183,05 
18/02/2015; ¥183,28 
19/02/2015; ¥183,31 
20/02/2015; ¥183,25 
23/02/2015; ¥183,61 
24/02/2015; ¥183,83 
25/02/2015; ¥184,52 
26/02/2015; ¥183,95 
27/02/2015; ¥184,43 
02/03/2015; ¥184,53 
03/03/2015; ¥183,88 
04/03/2015; ¥182,62 
05/03/2015; ¥183,08 
06/03/2015; ¥181,67 
09/03/2015; ¥183,28 
10/03/2015; ¥182,48 
11/03/2015; ¥181,25 
12/03/2015; ¥180,48 
13/03/2015; ¥178,95 
16/03/2015; ¥179,87 
17/03/2015; ¥178,92 
18/03/2015; ¥179,85 
19/03/2015; ¥178,11 
20/03/2015; ¥179,43 
23/03/2015; ¥179,00 
24/03/2015; ¥177,82 
25/03/2015; ¥177,76 
26/03/2015; ¥176,96 
27/03/2015; ¥177,16 
30/03/2015; ¥177,80 
31/03/2015; ¥177,97 
01/04/2015; ¥177,48 
02/04/2015; ¥177,44 
03/04/2015; ¥177,48 
06/04/2015; ¥177,82 
07/04/2015; ¥178,04 
08/04/2015; ¥178,55 
09/04/2015; ¥177,38 
10/04/2015; ¥175,86 
13/04/2015; ¥176,19 
14/04/2015; ¥176,37 
15/04/2015; ¥176,75 
16/04/2015; ¥177,69 
17/04/2015; ¥177,86 
20/04/2015; ¥177,61 
21/04/2015; ¥178,54 
22/04/2015; ¥180,23 
23/04/2015; ¥180,01 
24/04/2015; ¥180,67 
27/04/2015; ¥181,33 
28/04/2015; ¥182,25 
29/04/2015; ¥183,68 
30/04/2015; ¥183,17 
01/05/2015; ¥181,91 
04/05/2015; ¥181,58 
05/05/2015; ¥181,95 
06/05/2015; ¥182,05 
07/05/2015; ¥182,49 
08/05/2015; ¥185,12 
11/05/2015; ¥187,08 
12/05/2015; ¥187,73 
13/05/2015; ¥187,56 
14/05/2015; ¥187,92 
15/05/2015; ¥187,50 
18/05/2015; ¥187,73 
19/05/2015; ¥187,17 
20/05/2015; ¥188,50 
21/05/2015; ¥189,52 
22/05/2015; ¥188,23 
25/05/2015; ¥187,98 
26/05/2015; ¥189,30 
27/05/2015; ¥189,84 
28/05/2015; ¥189,80 
29/05/2015; ¥189,74 
01/06/2015; ¥189,60 
02/06/2015; ¥190,36 
03/06/2015; ¥190,57 
04/06/2015; ¥191,07 
05/06/2015; ¥191,81 
08/06/2015; ¥191,04 
09/06/2015; ¥191,25 
10/06/2015; ¥190,46 
11/06/2015; ¥191,41 
12/06/2015; ¥191,93 
15/06/2015; ¥192,51 
16/06/2015; ¥192,98 
17/06/2015; ¥195,39 
18/06/2015; ¥195,23 
19/06/2015; ¥194,79 
22/06/2015; ¥195,16 
23/06/2015; ¥194,92 
24/06/2015; ¥194,45 
25/06/2015; ¥194,58 
26/06/2015; ¥195,06 
29/06/2015; ¥192,83 
30/06/2015; ¥192,37 
01/07/2015; ¥192,27 
02/07/2015; ¥192,02 
03/07/2015; ¥191,18 
06/07/2015; ¥191,19 
07/07/2015; ¥189,37 
08/07/2015; ¥185,36 
09/07/2015; ¥186,57 
10/07/2015; ¥190,54 
13/07/2015; ¥191,13 
14/07/2015; ¥192,80 
15/07/2015; ¥193,50 
16/07/2015; ¥193,75 
17/07/2015; ¥193,65 
20/07/2015; ¥193,37 
21/07/2015; ¥192,70 
22/07/2015; ¥193,51 
23/07/2015; ¥192,17 
24/07/2015; ¥192,02 
27/07/2015; ¥191,68 
28/07/2015; ¥192,86 
29/07/2015; ¥193,34 
30/07/2015; ¥193,65 
31/07/2015; ¥193,59 
03/08/2015; ¥193,26 
04/08/2015; ¥193,56 
05/08/2015; ¥194,81 
06/08/2015; ¥193,46 
07/08/2015; ¥192,46 
10/08/2015; ¥194,22 
11/08/2015; ¥194,81 
12/08/2015; ¥193,90 
13/08/2015; ¥194,19 
14/08/2015; ¥194,42 
17/08/2015; ¥193,78 
18/08/2015; ¥194,74 
19/08/2015; ¥194,06 
20/08/2015; ¥193,55 
21/08/2015; ¥191,49 
24/08/2015; ¥186,75 
25/08/2015; ¥186,41 
26/08/2015; ¥185,34 
27/08/2015; ¥186,37 
28/08/2015; ¥187,31 
31/08/2015; ¥185,96 
01/09/2015; ¥182,63 
02/09/2015; ¥184,01 
03/09/2015; ¥183,15 
04/09/2015; ¥180,50 
07/09/2015; ¥182,11 
08/09/2015; ¥184,40 
09/09/2015; ¥185,09 
10/09/2015; ¥186,23 
11/09/2015; ¥185,97 
14/09/2015; ¥185,43 
15/09/2015; ¥184,74 
16/09/2015; ¥186,76 
17/09/2015; ¥187,01 
18/09/2015; ¥186,34 
21/09/2015; ¥186,88 
22/09/2015; ¥184,57 
23/09/2015; ¥183,34 
24/09/2015; ¥182,97 
25/09/2015; ¥183,01 
28/09/2015; ¥181,93 
29/09/2015; ¥181,32 
30/09/2015; ¥181,28 
01/10/2015; ¥181,41 
02/10/2015; ¥182,01 
05/10/2015; ¥182,40 
06/10/2015; ¥183,00 
07/10/2015; ¥183,77 
08/10/2015; ¥183,99 
09/10/2015; ¥184,02 
12/10/2015; ¥184,16 
13/10/2015; ¥182,53 
14/10/2015; ¥183,85 
15/10/2015; ¥183,68 
16/10/2015; ¥184,31 
19/10/2015; ¥184,70 
20/10/2015; ¥185,00 
21/10/2015; ¥184,88 
22/10/2015; ¥185,72 
23/10/2015; ¥185,98 
26/10/2015; ¥185,83 
27/10/2015; ¥184,23 
28/10/2015; ¥184,74 
29/10/2015; ¥185,40 
30/10/2015; ¥186,08 
02/11/2015; ¥186,09 
03/11/2015; ¥186,66 
04/11/2015; ¥186,94 
05/11/2015; ¥185,11 
06/11/2015; ¥185,27 
09/11/2015; ¥186,16 
10/11/2015; ¥186,17 
11/11/2015; ¥186,77 
12/11/2015; ¥186,70 
13/11/2015; ¥186,76 
16/11/2015; ¥187,16 
17/11/2015; ¥187,76 
18/11/2015; ¥188,33 
19/11/2015; ¥187,83 
20/11/2015; ¥186,66 
23/11/2015; ¥185,73 
24/11/2015; ¥184,78 
25/11/2015; ¥185,61 
26/11/2015; ¥185,15 
27/11/2015; ¥184,66 
30/11/2015; ¥185,28 
01/12/2015; ¥185,26 
02/12/2015; ¥184,22 
03/12/2015; ¥185,64 
04/12/2015; ¥186,09 
07/12/2015; ¥185,70 
08/12/2015; ¥184,45 
09/12/2015; ¥184,32 
10/12/2015; ¥184,29 
11/12/2015; ¥183,89 
14/12/2015; ¥183,22 
15/12/2015; ¥182,89 
16/12/2015; ¥183,29 
17/12/2015; ¥182,60 
18/12/2015; ¥180,49 
21/12/2015; ¥180,31 
22/12/2015; ¥179,44 
23/12/2015; ¥179,77 
24/12/2015; ¥179,59 
25/12/2015; ¥179,78 
28/12/2015; ¥179,08 
29/12/2015; ¥178,41 
30/12/2015; ¥178,47 
31/12/2015; ¥177,30 
01/01/2016; ¥177,36 
04/01/2016; ¥175,73 
05/01/2016; ¥174,65 
06/01/2016; ¥173,26 
07/01/2016; ¥171,96 
08/01/2016; ¥170,49 
11/01/2016; ¥171,16 
12/01/2016; ¥169,90 
13/01/2016; ¥169,50 
14/01/2016; ¥170,13 
15/01/2016; ¥166,84 
18/01/2016; ¥167,06 
19/01/2016; ¥166,47 
20/01/2016; ¥165,90 
21/01/2016; ¥167,36 
22/01/2016; ¥169,40 
25/01/2016; ¥168,51 
26/01/2016; ¥169,92 
27/01/2016; ¥168,88 
28/01/2016; ¥170,58 
29/01/2016; ¥172,41 
01/02/2016; ¥174,55 
02/02/2016; ¥172,81 
03/02/2016; ¥172,09 
04/02/2016; ¥170,32 
05/02/2016; ¥169,49 
08/02/2016; ¥167,17 
09/02/2016; ¥166,56 
10/02/2016; ¥164,54 
11/02/2016; ¥162,71 
12/02/2016; ¥164,20 
15/02/2016; ¥165,36 
16/02/2016; ¥163,14 
17/02/2016; ¥163,07 
18/02/2016; ¥162,27 
19/02/2016; ¥162,10 
22/02/2016; ¥159,75 
23/02/2016; ¥157,19 
24/02/2016; ¥156,21 
25/02/2016; ¥157,74 
26/02/2016; ¥158,08 
29/02/2016; ¥156,77 
01/03/2016; ¥158,96 
02/03/2016; ¥159,68 
03/03/2016; ¥161,09 
04/03/2016; ¥161,81 
07/03/2016; ¥161,79 
08/03/2016; ¥159,99 
09/03/2016; ¥161,23 
10/03/2016; ¥161,52 
11/03/2016; ¥163,52 
14/03/2016; ¥162,74 
15/03/2016; ¥160,15 
16/03/2016; ¥160,49 
17/03/2016; ¥161,24 
18/03/2016; ¥161,50 
21/03/2016; ¥160,81 
22/03/2016; ¥159,62 
23/03/2016; ¥158,58 
24/03/2016; ¥159,76 
25/03/2016; ¥159,86 
28/03/2016; ¥161,66 
29/03/2016; ¥162,03 
30/03/2016; ¥161,64 
31/03/2016; ¥161,61 
01/04/2016; ¥158,77 
04/04/2016; ¥158,76 
05/04/2016; ¥156,24 
06/04/2016; ¥155,01 
07/04/2016; ¥152,06 
08/04/2016; ¥152,56 
11/04/2016; ¥153,68 
12/04/2016; ¥154,90 
13/04/2016; ¥155,27 
14/04/2016; ¥154,79 
15/04/2016; ¥154,33 
18/04/2016; ¥155,30 
19/04/2016; ¥157,12 
20/04/2016; ¥157,40 
21/04/2016; ¥156,73 
22/04/2016; ¥160,97 
25/04/2016; ¥161,00 
26/04/2016; ¥162,28 
27/04/2016; ¥162,03 
28/04/2016; ¥157,88 
29/04/2016; ¥155,39 
02/05/2016; ¥156,08 
03/05/2016; ¥154,91 
04/05/2016; ¥155,05 
05/05/2016; ¥155,29 
06/05/2016; ¥154,52 
09/05/2016; ¥156,03 
10/05/2016; ¥157,78 
11/05/2016; ¥156,55 
12/05/2016; ¥157,46 
13/05/2016; ¥155,96 
16/05/2016; ¥156,93 
17/05/2016; ¥157,81 
18/05/2016; ¥160,81 
19/05/2016; ¥160,60 
20/05/2016; ¥159,70 
23/05/2016; ¥158,17 
24/05/2016; ¥160,90 
25/05/2016; ¥161,93 
26/05/2016; ¥160,99 
27/05/2016; ¥161,14 
30/05/2016; ¥162,64 
31/05/2016; ¥160,23 
01/06/2016; ¥157,89 
02/06/2016; ¥156,97 
03/06/2016; ¥154,64 
06/06/2016; ¥155,24 
07/06/2016; ¥156,08 
08/06/2016; ¥155,12 
09/06/2016; ¥154,82 
10/06/2016; ¥152,48 
13/06/2016; ¥151,60 
14/06/2016; ¥149,75 
15/06/2016; ¥150,54 
16/06/2016; ¥148,03 
17/06/2016; ¥149,45 
20/06/2016; ¥152,69 
21/06/2016; ¥153,40 
22/06/2016; ¥153,48 
23/06/2016; ¥157,90 
24/06/2016; ¥139,78 
27/06/2016; ¥134,88 
28/06/2016; ¥137,06 
29/06/2016; ¥138,01 
30/06/2016; ¥137,42 
01/07/2016; ¥135,94 
04/07/2016; ¥136,28 
05/07/2016; ¥132,42 
06/07/2016; ¥130,98 
07/07/2016; ¥130,04 
08/07/2016; ¥130,23 
11/07/2016; ¥133,56 
12/07/2016; ¥138,63 
13/07/2016; ¥137,34 
14/07/2016; ¥140,48 
15/07/2016; ¥138,28 
18/07/2016; ¥140,70 
19/07/2016; ¥139,11 
20/07/2016; ¥141,09 
21/07/2016; ¥139,99 
22/07/2016; ¥139,03 
25/07/2016; ¥138,97 
26/07/2016; ¥137,36 
27/07/2016; ¥139,33 
28/07/2016; ¥138,53 
29/07/2016; ¥134,97 
01/08/2016; ¥134,87 
02/08/2016; ¥134,73 
03/08/2016; ¥134,89 
04/08/2016; ¥132,62 
05/08/2016; ¥133,03 
08/08/2016; ¥133,55 
09/08/2016; ¥132,46 
10/08/2016; ¥131,74 
11/08/2016; ¥132,07 
12/08/2016; ¥130,85 
15/08/2016; ¥130,39 
16/08/2016; ¥130,82 
17/08/2016; ¥130,70 
18/08/2016; ¥131,49 
19/08/2016; ¥131,00 
22/08/2016; ¥131,79 
23/08/2016; ¥132,26 
24/08/2016; ¥132,88 
25/08/2016; ¥132,56 
26/08/2016; ¥133,75 
29/08/2016; ¥133,51 
30/08/2016; ¥134,67 
31/08/2016; ¥135,86 
01/09/2016; ¥136,96 
02/09/2016; ¥138,16 
05/09/2016; ¥137,55 
06/09/2016; ¥137,03 
07/09/2016; ¥135,68 
08/09/2016; ¥136,20 
09/09/2016; ¥136,17 
12/09/2016; ¥135,78 
13/09/2016; ¥135,28 
14/09/2016; ¥135,51 
15/09/2016; ¥135,14 
16/09/2016; ¥132,91 
19/09/2016; ¥132,78 
20/09/2016; ¥132,05 
21/09/2016; ¥130,63 
22/09/2016; ¥131,71 
23/09/2016; ¥130,99 
26/09/2016; ¥130,17 
27/09/2016; ¥130,76 
28/09/2016; ¥131,02 
29/09/2016; ¥130,98 
30/09/2016; ¥131,48 
03/10/2016; ¥130,48 
04/10/2016; ¥130,93 
05/10/2016; ¥131,93 
06/10/2016; ¥131,09 
07/10/2016; ¥127,93 
10/10/2016; ¥128,00 
11/10/2016; ¥125,41 
12/10/2016; ¥127,19 
13/10/2016; ¥127,02 
14/10/2016; ¥126,94 
17/10/2016; ¥126,55 
18/10/2016; ¥127,68 
19/10/2016; ¥127,06 
20/10/2016; ¥127,33 
21/10/2016; ¥126,96 
24/10/2016; ¥127,45 
25/10/2016; ¥127,00 
26/10/2016; ¥127,90 
27/10/2016; ¥128,03 
28/10/2016; ¥127,51 
31/10/2016; ¥128,31 
01/11/2016; ¥127,45 
02/11/2016; ¥127,02 
03/11/2016; ¥128,29 
04/11/2016; ¥129,04 
07/11/2016; ¥129,48 
08/11/2016; ¥130,06 
09/11/2016; ¥131,05 
10/11/2016; ¥134,09 
11/11/2016; ¥134,39 
14/11/2016; ¥135,38 
15/11/2016; ¥135,92 
16/11/2016; ¥135,68 
17/11/2016; ¥136,66 
18/11/2016; ¥136,90 
21/11/2016; ¥138,38 
22/11/2016; ¥138,06 
23/11/2016; ¥139,89 
24/11/2016; ¥141,02 
25/11/2016; ¥141,03 
28/11/2016; ¥138,93 
29/11/2016; ¥140,33 
30/11/2016; ¥143,10 
01/12/2016; ¥143,58 
02/12/2016; ¥144,41 
05/12/2016; ¥144,92 
06/12/2016; ¥144,49 
07/12/2016; ¥143,59 
08/12/2016; ¥143,47 
09/12/2016; ¥145,05 
12/12/2016; ¥145,79 
13/12/2016; ¥145,75 
14/12/2016; ¥147,01 
15/12/2016; ¥146,70 
16/12/2016; ¥147,32 
19/12/2016; ¥145,14 
20/12/2016; ¥145,69 
21/12/2016; ¥145,19 
22/12/2016; ¥144,30 
23/12/2016; ¥144,17 
26/12/2016; ¥143,79 
27/12/2016; ¥144,04 
28/12/2016; ¥143,30 
29/12/2016; ¥142,83 
30/12/2016; ¥144,17 
02/01/2017; ¥144,24 
03/01/2017; ¥144,08 
04/01/2017; ¥144,39 
05/01/2017; ¥143,22 
06/01/2017; ¥143,57 
09/01/2017; ¥141,08 
10/01/2017; ¥140,94 
11/01/2017; ¥140,91 
12/01/2017; ¥139,44 
13/01/2017; ¥139,43 
16/01/2017; ¥137,51 
17/01/2017; ¥139,80 
18/01/2017; ¥140,53 
19/01/2017; ¥141,75 
20/01/2017; ¥141,81 
23/01/2017; ¥141,20 
24/01/2017; ¥142,44 
25/01/2017; ¥143,06 
26/01/2017; ¥144,12 
27/01/2017; ¥144,35 
30/01/2017; ¥142,00 
31/01/2017; ¥141,86 
01/02/2017; ¥143,31 
02/02/2017; ¥141,23 
03/02/2017; ¥140,71 
06/02/2017; ¥139,29 
07/02/2017; ¥140,55 
08/02/2017; ¥140,35 
09/02/2017; ¥141,46 
10/02/2017; ¥141,36 
13/02/2017; ¥142,42 
14/02/2017; ¥142,44 
15/02/2017; ¥142,21 
16/02/2017; ¥141,35 
17/02/2017; ¥140,07 
20/02/2017; ¥140,89 
21/02/2017; ¥141,76 
22/02/2017; ¥141,01 
23/02/2017; ¥141,31 
24/02/2017; ¥139,83 
27/02/2017; ¥140,20 
28/02/2017; ¥139,58 
01/03/2017; ¥139,78 
02/03/2017; ¥140,29 
03/03/2017; ¥140,09 
06/03/2017; ¥139,32 
07/03/2017; ¥139,02 
08/03/2017; ¥139,13 
09/03/2017; ¥139,80 
10/03/2017; ¥139,63 
13/03/2017; ¥140,35 
14/03/2017; ¥139,42 
15/03/2017; ¥139,32 
16/03/2017; ¥140,02 
17/03/2017; ¥139,66 
20/03/2017; ¥139,07 
21/03/2017; ¥139,36 
22/03/2017; ¥138,75 
23/03/2017; ¥138,83 
24/03/2017; ¥138,80 
27/03/2017; ¥138,93 
28/03/2017; ¥138,32 
29/03/2017; ¥138,03 
30/03/2017; ¥139,53 
31/03/2017; ¥139,82 
03/04/2017; ¥138,43 
04/04/2017; ¥137,72 
05/04/2017; ¥138,13 
06/04/2017; ¥138,12 
07/04/2017; ¥137,39 
10/04/2017; ¥137,67 
11/04/2017; ¥136,87 
12/04/2017; ¥136,66 
13/04/2017; ¥136,36 
14/04/2017; ¥136,00 
17/04/2017; ¥136,78 
18/04/2017; ¥139,15 
19/04/2017; ¥139,08 
20/04/2017; ¥140,05 
21/04/2017; ¥139,74 
24/04/2017; ¥140,40 
25/04/2017; ¥142,63 
26/04/2017; ¥142,61 
27/04/2017; ¥143,53 
28/04/2017; ¥144,39 
01/05/2017; ¥144,09 
02/05/2017; ¥144,84 
03/05/2017; ¥145,03 
04/05/2017; ¥145,28 
05/05/2017; ¥146,29 
08/05/2017; ¥146,51 
09/05/2017; ¥147,39 
10/05/2017; ¥147,82 
11/05/2017; ¥146,70 
12/05/2017; ¥146,08 
15/05/2017; ¥146,68 
16/05/2017; ¥146,09 
17/05/2017; ¥143,67 
18/05/2017; ¥144,18 
19/05/2017; ¥145,02 
22/05/2017; ¥144,63 
23/05/2017; ¥144,84 
24/05/2017; ¥144,64 
25/05/2017; ¥144,68 
26/05/2017; ¥142,50 
29/05/2017; ¥142,81 
30/05/2017; ¥142,49 
31/05/2017; ¥142,75 
01/06/2017; ¥143,42 
02/06/2017; ¥142,22 
05/06/2017; ¥142,48 
06/06/2017; ¥141,20 
07/06/2017; ¥142,27 
08/06/2017; ¥142,42 
09/06/2017; ¥140,56 
12/06/2017; ¥139,10 
13/06/2017; ¥140,35 
14/06/2017; ¥139,70 
15/06/2017; ¥141,44 
16/06/2017; ¥141,59 
19/06/2017; ¥142,03 
20/06/2017; ¥140,75 
21/06/2017; ¥141,06 
22/06/2017; ¥141,16 
23/06/2017; ¥141,48 
26/06/2017; ¥142,25 
27/06/2017; ¥143,95 
28/06/2017; ¥145,11 
29/06/2017; ¥145,89 
30/06/2017; ¥146,34 
03/07/2017; ¥146,63 
04/07/2017; ¥146,29 
05/07/2017; ¥146,48 
06/07/2017; ¥146,81 
07/07/2017; ¥146,78 
10/07/2017; ¥146,87 
11/07/2017; ¥146,32 
12/07/2017; ¥145,73 
13/07/2017; ¥146,51 
14/07/2017; ¥147,34 
17/07/2017; ¥147,01 
18/07/2017; ¥146,10 
19/07/2017; ¥145,73 
20/07/2017; ¥145,14 
21/07/2017; ¥144,34 
24/07/2017; ¥144,71 
25/07/2017; ¥145,71 
26/07/2017; ¥145,83 
27/07/2017; ¥145,29 
28/07/2017; ¥145,33 
31/07/2017; ¥145,67 
01/08/2017; ¥145,65 
02/08/2017; ¥146,36 
03/08/2017; ¥144,55 
04/08/2017; ¥144,26 
07/08/2017; ¥144,29 
08/08/2017; ¥143,27 
09/08/2017; ¥143,12 
10/08/2017; ¥141,68 
11/08/2017; ¥142,04 
14/08/2017; ¥142,10 
15/08/2017; ¥142,40 
16/08/2017; ¥142,03 
17/08/2017; ¥140,93 
18/08/2017; ¥140,51 
21/08/2017; ¥140,51 
22/08/2017; ¥140,49 
23/08/2017; ¥139,52 
24/08/2017; ¥140,20 
25/08/2017; ¥140,91 
28/08/2017; ¥141,26 
29/08/2017; ¥141,77 
30/08/2017; ¥142,46 
31/08/2017; ¥142,17 
01/09/2017; ¥142,76 
04/09/2017; ¥141,88 
05/09/2017; ¥141,78 
06/09/2017; ¥142,43 
07/09/2017; ¥142,05 
08/09/2017; ¥142,30 
11/09/2017; ¥143,98 
12/09/2017; ¥146,31 
13/09/2017; ¥145,92 
14/09/2017; ¥147,64 
15/09/2017; ¥150,64 
18/09/2017; ¥150,52 
19/09/2017; ¥150,71 
20/09/2017; ¥151,39 
21/09/2017; ¥152,71 
22/09/2017; ¥151,06 
25/09/2017; ¥150,43 
26/09/2017; ¥151,00 
27/09/2017; ¥151,00 
28/09/2017; ¥150,97 
29/09/2017; ¥150,66 
02/10/2017; ¥149,68 
03/10/2017; ¥149,38 
04/10/2017; ¥149,32 
05/10/2017; ¥147,97 
06/10/2017; ¥147,13 
09/10/2017; ¥148,04 
10/10/2017; ¥148,44 
11/10/2017; ¥148,71 
12/10/2017; ¥148,87 
13/10/2017; ¥148,57 
16/10/2017; ¥148,62 
17/10/2017; ¥147,97 
18/10/2017; ¥149,09 
19/10/2017; ¥148,06 
20/10/2017; ¥149,67 
23/10/2017; ¥149,67 
24/10/2017; ¥149,58 
25/10/2017; ¥150,83 
26/10/2017; ¥149,96 
27/10/2017; ¥149,21 
30/10/2017; ¥149,44 
31/10/2017; ¥150,91 
01/11/2017; ¥151,18 
02/11/2017; ¥148,94 
03/11/2017; ¥149,12 
06/11/2017; ¥149,72 
07/11/2017; ¥150,08 
08/11/2017; ¥149,32 
09/11/2017; ¥149,12 
10/11/2017; ¥149,72 
13/11/2017; ¥148,99 
14/11/2017; ¥149,32 
15/11/2017; ¥148,63 
16/11/2017; ¥149,15 
17/11/2017; ¥148,06 
20/11/2017; ¥149,03 
21/11/2017; ¥148,82 
22/11/2017; ¥148,16 
23/11/2017; ¥147,96 
24/11/2017; ¥148,73 
27/11/2017; ¥147,93 
28/11/2017; ¥148,67 
29/11/2017; ¥150,06 
30/11/2017; ¥152,18 
01/12/2017; ¥151,00 
04/12/2017; ¥151,49 
05/12/2017; ¥151,33 
06/12/2017; ¥150,34 
07/12/2017; ¥152,34 
08/12/2017; ¥151,94 
11/12/2017; ¥151,44 
12/12/2017; ¥151,17 
13/12/2017; ¥150,99 
14/12/2017; ¥150,90 
15/12/2017; ¥149,93 
18/12/2017; ¥150,58 
19/12/2017; ¥151,08 
20/12/2017; ¥151,62 
21/12/2017; ¥151,67 
22/12/2017; ¥151,32 
25/12/2017; ¥151,39 
26/12/2017; ¥151,40 
27/12/2017; ¥151,82 
28/12/2017; ¥151,72 
29/12/2017; ¥152,24 
01/01/2018; ¥152,08 
02/01/2018; ¥152,54 
03/01/2018; ¥152,02 
04/01/2018; ¥152,77 
05/01/2018; ¥153,40 
08/01/2018; ¥153,40 
09/01/2018; ¥152,50 
10/01/2018; ¥150,47 
11/01/2018; ¥150,57 
12/01/2018; ¥152,41 
15/01/2018; ¥152,40 
16/01/2018; ¥152,31 
17/01/2018; ¥153,82 
18/01/2018; ¥154,32 
19/01/2018; ¥153,39 
22/01/2018; ¥155,13 
23/01/2018; ¥154,41 
24/01/2018; ¥155,53 
25/01/2018; ¥154,71 
26/01/2018; ¥154,01 
29/01/2018; ¥153,31 
30/01/2018; ¥153,84 
31/01/2018; ¥154,94 
01/02/2018; ¥156,03 
02/02/2018; ¥155,45 
05/02/2018; ¥152,26 
06/02/2018; ¥152,79 
07/02/2018; ¥151,71 
08/02/2018; ¥151,27 
09/02/2018; ¥150,50 
12/02/2018; ¥150,31 
13/02/2018; ¥149,76 
14/02/2018; ¥149,76 
15/02/2018; ¥149,57 
16/02/2018; ¥149,25 
19/02/2018; ¥149,26 
20/02/2018; ¥150,18 
21/02/2018; ¥149,97 
22/02/2018; ¥149,00 
23/02/2018; ¥149,26 
26/02/2018; ¥149,34 
27/02/2018; ¥149,25 
28/02/2018; ¥146,77 
01/03/2018; ¥146,32 
02/03/2018; ¥145,93 
05/03/2018; ¥147,05 
06/03/2018; ¥147,33 
07/03/2018; ¥147,41 
08/03/2018; ¥146,66 
09/03/2018; ¥147,84 
12/03/2018; ¥147,94 
13/03/2018; ¥148,75 
14/03/2018; ¥148,41 
15/03/2018; ¥148,18 
16/03/2018; ¥147,70 
19/03/2018; ¥148,76 
20/03/2018; ¥149,11 
21/03/2018; ¥149,93 
22/03/2018; ¥148,37 
23/03/2018; ¥147,99 
26/03/2018; ¥149,94 
27/03/2018; ¥149,08 
28/03/2018; ¥150,40 
29/03/2018; ¥149,15 
30/03/2018; ¥148,92 
02/04/2018; ¥148,69 
03/04/2018; ¥149,82 
04/04/2018; ¥150,33 
05/04/2018; ¥150,33 
06/04/2018; ¥150,64 
09/04/2018; ¥150,83 
10/04/2018; ¥151,91 
11/04/2018; ¥151,36 
12/04/2018; ¥152,66 
13/04/2018; ¥152,83 
16/04/2018; ¥153,53 
17/04/2018; ¥152,85 
18/04/2018; ¥152,28 
19/04/2018; ¥151,27 
20/04/2018; ¥150,74 
23/04/2018; ¥151,52 
24/04/2018; ¥152,06 
25/04/2018; ¥152,40 
26/04/2018; ¥152,12 
27/04/2018; ¥150,22 
30/04/2018; ¥150,54 
01/05/2018; ¥149,52 
02/05/2018; ¥149,13 
03/05/2018; ¥148,20 
04/05/2018; ¥147,63 
07/05/2018; ¥147,86 
08/05/2018; ¥147,78 
09/05/2018; ¥148,63 
10/05/2018; ¥147,86 
11/05/2018; ¥148,11 
14/05/2018; ¥148,62 
15/05/2018; ¥149,00 
16/05/2018; ¥148,85 
17/05/2018; ¥149,68 
18/05/2018; ¥149,18 
21/05/2018; ¥149,10 
22/05/2018; ¥148,96 
23/05/2018; ¥146,88 
24/05/2018; ¥146,15 
25/05/2018; ¥145,55 
28/05/2018; ¥145,64 
29/05/2018; ¥144,10 
30/05/2018; ¥144,72 
31/05/2018; ¥144,70 
01/06/2018; ¥146,19 
04/06/2018; ¥146,15 
05/06/2018; ¥147,04 
06/06/2018; ¥147,74 
07/06/2018; ¥147,20 
08/06/2018; ¥146,88 
11/06/2018; ¥147,13 
12/06/2018; ¥147,55 
13/06/2018; ¥147,54 
14/06/2018; ¥146,69 
15/06/2018; ¥146,99 
18/06/2018; ¥146,38 
19/06/2018; ¥145,01 
20/06/2018; ¥145,34 
21/06/2018; ¥145,72 
22/06/2018; ¥145,89 
25/06/2018; ¥145,70 
26/06/2018; ¥145,54 
27/06/2018; ¥144,54 
28/06/2018; ¥144,46 
29/06/2018; ¥146,15 
02/07/2018; ¥145,72 
03/07/2018; ¥145,87 
04/07/2018; ¥146,11 
05/07/2018; ¥146,28 
06/07/2018; ¥146,71 
09/07/2018; ¥146,94 
10/07/2018; ¥147,31 
11/07/2018; ¥147,87 
12/07/2018; ¥148,61 
13/07/2018; ¥148,67 
16/07/2018; ¥148,58 
17/07/2018; ¥148,01 
18/07/2018; ¥147,51 
19/07/2018; ¥146,32 
20/07/2018; ¥146,28 
23/07/2018; ¥145,85 
24/07/2018; ¥146,14 
25/07/2018; ¥146,34 
26/07/2018; ¥145,78 
27/07/2018; ¥145,55 
30/07/2018; ¥145,83 
31/07/2018; ¥146,81 
01/08/2018; ¥146,61 
02/08/2018; ¥145,33 
03/08/2018; ¥144,68 
06/08/2018; ¥144,16 
07/08/2018; ¥144,08 
08/08/2018; ¥142,92 
09/08/2018; ¥142,41 
10/08/2018; ¥141,61 
13/08/2018; ¥141,33 
14/08/2018; ¥141,40 
15/08/2018; ¥140,58 
16/08/2018; ¥141,01 
17/08/2018; ¥140,87 
20/08/2018; ¥140,83 
21/08/2018; ¥142,26 
22/08/2018; ¥142,70 
23/08/2018; ¥142,61 
24/08/2018; ¥142,94 
27/08/2018; ¥143,19 
28/08/2018; ¥143,14 
29/08/2018; ¥145,41 
30/08/2018; ¥144,36 
31/08/2018; ¥143,92 
03/09/2018; ¥142,95 
04/09/2018; ¥143,24 
05/09/2018; ¥143,91 
06/09/2018; ¥143,19 
07/09/2018; ¥143,48 
10/09/2018; ¥144,72 
11/09/2018; ¥145,47 
12/09/2018; ¥145,14 
13/09/2018; ¥146,67 
14/09/2018; ¥146,37 
17/09/2018; ¥147,12 
18/09/2018; ¥147,69 
19/09/2018; ¥147,56 
20/09/2018; ¥149,20 
21/09/2018; ¥147,18 
24/09/2018; ¥147,97 
25/09/2018; ¥148,92 
26/09/2018; ¥148,37 
27/09/2018; ¥148,26 
28/09/2018; ¥148,10 
01/10/2018; ¥148,55 
02/10/2018; ¥147,50 
03/10/2018; ¥148,18 
04/10/2018; ¥148,30 
05/10/2018; ¥149,20 
08/10/2018; ¥148,20 
09/10/2018; ¥148,43 
10/10/2018; ¥148,13 
11/10/2018; ¥148,41 
12/10/2018; ¥147,57 
15/10/2018; ¥146,96 
16/10/2018; ¥147,99 
17/10/2018; ¥147,69 
18/10/2018; ¥146,02 
19/10/2018; ¥147,09 
22/10/2018; ¥146,20 
23/10/2018; ¥145,97 
24/10/2018; ¥144,57 
25/10/2018; ¥144,04 
26/10/2018; ¥143,54 
29/10/2018; ¥143,73 
30/10/2018; ¥143,66 
31/10/2018; ¥144,17 
01/11/2018; ¥146,61 
02/11/2018; ¥146,79 
05/11/2018; ¥147,56 
06/11/2018; ¥148,55 
07/11/2018; ¥148,97 
08/11/2018; ¥148,97 
09/11/2018; ¥147,67 
12/11/2018; ¥146,21 
13/11/2018; ¥147,62 
14/11/2018; ¥147,62 
15/11/2018; ¥145,14 
16/11/2018; ¥144,83 
19/11/2018; ¥144,60 
20/11/2018; ¥144,16 
21/11/2018; ¥144,41 
22/11/2018; ¥145,41 
23/11/2018; ¥144,70 
26/11/2018; ¥145,77 
27/11/2018; ¥145,02 
28/11/2018; ¥145,78 
29/11/2018; ¥145,16 
30/11/2018; ¥144,72 
03/12/2018; ¥144,59 
04/12/2018; ¥143,42 
05/12/2018; ¥144,10 
06/12/2018; ¥144,00 
07/12/2018; ¥143,45 
10/12/2018; ¥142,35 
11/12/2018; ¥141,55 
12/12/2018; ¥143,03 
13/12/2018; ¥143,79 
14/12/2018; ¥142,64 
17/12/2018; ¥142,44 
18/12/2018; ¥142,24 
19/12/2018; ¥141,79 
20/12/2018; ¥140,82 
21/12/2018; ¥140,46 
24/12/2018; ¥140,49 
25/12/2018; ¥139,87 
26/12/2018; ¥140,66 
27/12/2018; ¥140,31 
28/12/2018; ¥140,09 
31/12/2018; ¥139,77 
01/01/2019; ¥139,89 
02/01/2019; ¥137,25 
03/01/2019; ¥135,96 
04/01/2019; ¥138,10 
07/01/2019; ¥138,90 
08/01/2019; ¥138,27 
09/01/2019; ¥138,29 
10/01/2019; ¥138,20 
11/01/2019; ¥139,45 
14/01/2019; ¥139,13 
15/01/2019; ¥139,72 
16/01/2019; ¥140,51 
17/01/2019; ¥141,82 
18/01/2019; ¥141,29 
21/01/2019; ¥141,35 
23/01/2019; ¥143,20 
24/01/2019; ¥143,22 
25/01/2019; ¥144,56 
28/01/2019; ¥143,88 
29/01/2019; ¥142,90 
30/01/2019; ¥142,99 
31/01/2019; ¥142,70 
01/02/2019; ¥143,18 
04/02/2019; ¥143,23 
05/02/2019; ¥142,31 
06/02/2019; ¥142,20 
07/02/2019; ¥142,21 
08/02/2019; ¥142,04 
11/02/2019; ¥141,80 
12/02/2019; ¥142,41 
13/02/2019; ¥142,56 
14/02/2019; ¥141,50 
15/02/2019; ¥142,34 
18/02/2019; ¥142,91 
19/02/2019; ¥144,48 
20/02/2019; ¥144,64 
21/02/2019; ¥144,45 
22/02/2019; ¥144,46 
25/02/2019; ¥145,43 
26/02/2019; ¥146,51 
27/02/2019; ¥147,69 
28/02/2019; ¥147,69 
01/03/2019; ¥147,73 
04/03/2019; ¥147,34 
05/03/2019; ¥147,42 
06/03/2019; ¥147,16 
07/03/2019; ¥145,99 
08/03/2019; ¥144,66 
11/03/2019; ¥146,24 
12/03/2019; ¥145,56 
13/03/2019; ¥148,24 
14/03/2019; ¥147,89 
15/03/2019; ¥148,14 
18/03/2019; ¥147,69 
19/03/2019; ¥147,75 
20/03/2019; ¥146,05 
21/03/2019; ¥145,21 
22/03/2019; ¥145,18 
25/03/2019; ¥145,16 
26/03/2019; ¥146,10 
27/03/2019; ¥145,73 
28/03/2019; ¥144,30 
29/03/2019; ¥144,44 
01/04/2019; ¥145,84 
02/04/2019; ¥146,14 
03/04/2019; ¥146,68 
04/04/2019; ¥146,00 
05/04/2019; ¥145,65 
08/04/2019; ¥145,60 
09/04/2019; ¥145,14 
10/04/2019; ¥145,29 
11/04/2019; ¥145,75 
12/04/2019; ¥146,53 
15/04/2019; ¥146,73 
16/04/2019; ¥146,12 
17/04/2019; ¥146,15 
18/04/2019; ¥145,50 
19/04/2019; ¥145,43 
22/04/2019; ¥145,29 
23/04/2019; ¥144,69 
24/04/2019; ¥144,70 
25/04/2019; ¥143,96 
26/04/2019; ¥144,13 
29/04/2019; ¥144,38 
30/04/2019; ¥145,20 
01/05/2019; ¥145,33 
02/05/2019; ¥145,33 
03/05/2019; ¥146,32 
06/05/2019; ¥145,04 
07/05/2019; ¥144,13 
08/05/2019; ¥143,20 
09/05/2019; ¥142,79 
10/05/2019; ¥142,90 
13/05/2019; ¥141,60 
14/05/2019; ¥141,41 
16/05/2019; ¥140,54 
17/05/2019; ¥140,01 
20/05/2019; ¥140,05 
21/05/2019; ¥140,38 
22/05/2019; ¥139,70 
23/05/2019; ¥138,68 
24/05/2019; ¥138,93 
27/05/2019; ¥138,81 
28/05/2019; ¥138,36 
29/05/2019; ¥138,36 
30/05/2019; ¥138,16 
31/05/2019; ¥136,76 
03/06/2019; ¥136,84 
04/06/2019; ¥137,29 
05/06/2019; ¥137,56 
06/06/2019; ¥137,65 
07/06/2019; ¥137,76 
10/06/2019; ¥137,53 
11/06/2019; ¥138,03 
12/06/2019; ¥137,62 
13/06/2019; ¥137,33 
14/06/2019; ¥136,66 
17/06/2019; ¥136,05 
18/06/2019; ¥136,16 
19/06/2019; ¥136,61 
20/06/2019; ¥136,24 
21/06/2019; ¥136,70 
24/06/2019; ¥136,69 
25/06/2019; ¥135,99 
26/06/2019; ¥136,74 
27/06/2019; ¥136,61 
28/06/2019; ¥136,93 
01/07/2019; ¥137,03 
02/07/2019; ¥135,83 
03/07/2019; ¥135,54 
04/07/2019; ¥135,56 
05/07/2019; ¥135,80 
08/07/2019; ¥136,00 
09/07/2019; ¥135,67 
10/07/2019; ¥135,56 
11/07/2019; ¥135,81 
12/07/2019; ¥135,65 
15/07/2019; ¥135,03 
16/07/2019; ¥134,23 
17/07/2019; ¥134,18 
18/07/2019; ¥134,61 
19/07/2019; ¥134,63 
22/07/2019; ¥134,54 
23/07/2019; ¥134,59 
24/07/2019; ¥135,03 
25/07/2019; ¥135,32 
26/07/2019; ¥134,52 
29/07/2019; ¥132,88 
30/07/2019; ¥131,93 
31/07/2019; ¥132,20 
01/08/2019; ¥130,20 
02/08/2019; ¥129,54 
05/08/2019; ¥128,62 
06/08/2019; ¥129,53 
07/08/2019; ¥129,00 
08/08/2019; ¥128,66 
09/08/2019; ¥127,10 
12/08/2019; ¥127,12 
13/08/2019; ¥128,70 
14/08/2019; ¥127,69 
15/08/2019; ¥128,22 
16/08/2019; ¥129,22 
19/08/2019; ¥129,28 
20/08/2019; ¥129,25 
21/08/2019; ¥129,29 
22/08/2019; ¥130,36 
23/08/2019; ¥129,39 
26/08/2019; ¥129,64 
27/08/2019; ¥129,90 
28/08/2019; ¥129,55 
29/08/2019; ¥129,80 
30/08/2019; ¥129,21 
02/09/2019; ¥128,15 
03/09/2019; ¥127,99 
04/09/2019; ¥130,32 
05/09/2019; ¥131,87 
06/09/2019; ¥131,28 
09/09/2019; ¥132,38 
10/09/2019; ¥132,76 
11/09/2019; ¥132,89 
12/09/2019; ¥133,30 
13/09/2019; ¥135,09 
16/09/2019; ¥134,37 
17/09/2019; ¥135,14 
18/09/2019; ¥135,20 
19/09/2019; ¥135,24 
20/09/2019; ¥134,19 
23/09/2019; ¥133,65 
24/09/2019; ¥133,68 
25/09/2019; ¥133,07 
26/09/2019; ¥132,86 
27/09/2019; ¥132,61 
30/09/2019; ¥132,83 
01/10/2019; ¥132,58 
02/10/2019; ¥131,82 
03/10/2019; ¥131,79 
04/10/2019; ¥131,86 
07/10/2019; ¥131,85 
08/10/2019; ¥130,81 
09/10/2019; ¥131,14 
10/10/2019; ¥134,30 
11/10/2019; ¥137,09 
14/10/2019; ¥136,62 
15/10/2019; ¥139,16 
16/10/2019; ¥139,53 
17/10/2019; ¥140,03 
18/10/2019; ¥140,63 
21/10/2019; ¥140,71 
22/10/2019; ¥139,62 
23/10/2019; ¥140,37 
24/10/2019; ¥139,56 
25/10/2019; ¥139,29 
28/10/2019; ¥140,12 
29/10/2019; ¥140,06 
30/10/2019; ¥140,40 
31/10/2019; ¥139,78 
01/11/2019; ¥139,91 
04/11/2019; ¥139,85 
05/11/2019; ¥140,61 
06/11/2019; ¥140,06 
07/11/2019; ¥140,01 
08/11/2019; ¥139,53 
11/11/2019; ¥140,16 
12/11/2019; ¥140,00 
13/11/2019; ¥139,81 
14/11/2019; ¥139,64 
15/11/2019; ¥140,26 
18/11/2019; ¥140,74 
19/11/2019; ¥140,24 
20/11/2019; ¥140,33 
21/11/2019; ¥140,27 
22/11/2019; ¥139,39 
25/11/2019; ¥140,46 
26/11/2019; ¥140,26 
27/11/2019; ¥141,55 
28/11/2019; ¥141,38 
29/11/2019; ¥141,63 
02/12/2019; ¥140,98 
03/12/2019; ¥141,12 
04/12/2019; ¥142,63 
05/12/2019; ¥143,06 
06/12/2019; ¥142,63 
09/12/2019; ¥142,67 
10/12/2019; ¥142,98 
11/12/2019; ¥143,20 
12/12/2019; ¥143,85 
13/12/2019; ¥145,72 
16/12/2019; ¥145,94 
17/12/2019; ¥143,71 
18/12/2019; ¥143,22 
19/12/2019; ¥142,26 
20/12/2019; ¥142,29 
23/12/2019; ¥141,46 
24/12/2019; ¥141,59 
25/12/2019; ¥141,72 
26/12/2019; ¥142,43 
27/12/2019; ¥143,06 
30/12/2019; ¥142,75 
31/12/2019; ¥144,09 
01/01/2020; ¥144,07 
02/01/2020; ¥142,68 
03/01/2020; ¥141,43 
06/01/2020; ¥142,68 
07/01/2020; ¥142,25 
08/01/2020; ¥142,93 
09/01/2020; ¥143,07 
10/01/2020; ¥142,94 
13/01/2020; ¥142,76 
14/01/2020; ¥143,16 
15/01/2020; ¥143,25 
16/01/2020; ¥144,02 
17/01/2020; ¥143,27 
20/01/2020; ¥143,33 
21/01/2020; ¥143,36 
22/01/2020; ¥144,32 
23/01/2020; ¥143,65 
24/01/2020; ¥142,88 
27/01/2020; ¥142,13 
28/01/2020; ¥142,16 
29/01/2020; ¥141,90 
30/01/2020; ¥142,66 
31/01/2020; ¥143,05 
03/02/2020; ¥141,19 
04/02/2020; ¥142,68 
05/02/2020; ¥142,74 
06/02/2020; ¥142,20 
07/02/2020; ¥141,44 
10/02/2020; ¥141,73 
11/02/2020; ¥142,16 
12/02/2020; ¥142,66 
13/02/2020; ¥143,25 
14/02/2020; ¥143,17 
17/02/2020; ¥142,91 
18/02/2020; ¥142,80 
19/02/2020; ¥143,85 
20/02/2020; ¥144,39 
21/02/2020; ¥144,70 
24/02/2020; ¥143,14 
25/02/2020; ¥143,29 
26/02/2020; ¥142,47 
27/02/2020; ¥141,18 
28/02/2020; ¥138,55 
02/03/2020; ¥138,09 
03/03/2020; ¥137,22 
04/03/2020; ¥138,38 
05/03/2020; ¥137,63 
06/03/2020; ¥137,38 
09/03/2020; ¥134,38 
10/03/2020; ¥136,33 
11/03/2020; ¥134,01 
12/03/2020; ¥131,53 
13/03/2020; ¥132,48 
16/03/2020; ¥129,84 
17/03/2020; ¥129,74 
18/03/2020; ¥125,48 
19/03/2020; ¥127,13 
20/03/2020; ¥128,98 
23/03/2020; ¥128,41 
24/03/2020; ¥130,75 
25/03/2020; ¥132,08 
26/03/2020; ¥133,71 
27/03/2020; ¥134,39 
30/03/2020; ¥133,86 
31/03/2020; ¥133,53 
01/04/2020; ¥132,61 
02/04/2020; ¥133,71 
03/04/2020; ¥132,96 
06/04/2020; ¥133,54 
07/04/2020; ¥134,04 
08/04/2020; ¥134,76 
09/04/2020; ¥135,09 
10/04/2020; ¥135,02 
13/04/2020; ¥134,78 
14/04/2020; ¥135,32 
15/04/2020; ¥134,49 
16/04/2020; ¥134,44 
17/04/2020; ¥134,38 
20/04/2020; ¥133,81 
21/04/2020; ¥132,47 
22/04/2020; ¥132,84 
23/04/2020; ¥132,88 
24/04/2020; ¥132,95 
27/04/2020; ¥133,25 
28/04/2020; ¥132,73 
29/04/2020; ¥133,02 
30/04/2020; ¥134,95 
01/05/2020; ¥133,66 
04/05/2020; ¥132,79 
05/05/2020; ¥132,52 
06/05/2020; ¥130,99 
07/05/2020; ¥131,36 
08/05/2020; ¥132,32 
11/05/2020; ¥132,77 
12/05/2020; ¥131,33 
13/05/2020; ¥130,87 
14/05/2020; ¥131,11 
15/05/2020; ¥129,54 
18/05/2020; ¥130,83 
19/05/2020; ¥131,92 
20/05/2020; ¥131,58 
21/05/2020; ¥131,52 
22/05/2020; ¥130,97 
25/05/2020; ¥131,19 
26/05/2020; ¥132,58 
27/05/2020; ¥131,94 
28/05/2020; ¥132,60 
29/05/2020; ¥133,07 
01/06/2020; ¥134,39 
02/06/2020; ¥136,36 
03/06/2020; ¥136,91 
04/06/2020; ¥137,44 
05/06/2020; ¥138,76 
08/06/2020; ¥137,93 
09/06/2020; ¥137,08 
10/06/2020; ¥136,49 
11/06/2020; ¥134,63 
12/06/2020; ¥134,60 
15/06/2020; ¥135,23 
16/06/2020; ¥134,94 
17/06/2020; ¥134,33 
18/06/2020; ¥132,88 
19/06/2020; ¥132,05 
22/06/2020; ¥133,17 
23/06/2020; ¥133,34 
24/06/2020; ¥132,90 
25/06/2020; ¥133,07 
26/06/2020; ¥132,22 
29/06/2020; ¥132,26 
30/06/2020; ¥133,81 
01/07/2020; ¥134,00 
02/07/2020; ¥134,00 
03/07/2020; ¥134,19 
06/07/2020; ¥134,08 
07/07/2020; ¥134,82 
08/07/2020; ¥135,24 
09/07/2020; ¥135,10 
10/07/2020; ¥134,90 
13/07/2020; ¥134,67 
14/07/2020; ¥134,55 
15/07/2020; ¥134,49 
16/07/2020; ¥134,60 
17/07/2020; ¥134,43 
20/07/2020; ¥135,77 
21/07/2020; ¥135,93 
22/07/2020; ¥136,41 
23/07/2020; ¥136,12 
24/07/2020; ¥135,73 
27/07/2020; ¥135,73 
28/07/2020; ¥135,87 
29/07/2020; ¥136,33 
30/07/2020; ¥137,11 
31/07/2020; ¥138,48 
03/08/2020; ¥138,48 
04/08/2020; ¥138,14 
05/08/2020; ¥138,42 
06/08/2020; ¥138,74 
07/08/2020; ¥138,22 
10/08/2020; ¥138,48 
11/08/2020; ¥138,94 
12/08/2020; ¥139,30 
13/08/2020; ¥139,67 
14/08/2020; ¥139,46 
17/08/2020; ¥138,87 
18/08/2020; ¥139,52 
19/08/2020; ¥138,97 
20/08/2020; ¥139,77 
21/08/2020; ¥138,43 
24/08/2020; ¥138,43 
25/08/2020; ¥139,89 
26/08/2020; ¥139,98 
27/08/2020; ¥140,64 
28/08/2020; ¥140,62 
31/08/2020; ¥141,56 
01/09/2020; ¥141,76 
02/09/2020; ¥141,74 
03/09/2020; ¥140,99 
04/09/2020; ¥141,09 
07/09/2020; ¥139,89 
08/09/2020; ¥137,61 
09/09/2020; ¥138,02 
10/09/2020; ¥135,88 
11/09/2020; ¥135,81 
14/09/2020; ¥135,80 
15/09/2020; ¥135,82 
16/09/2020; ¥136,05 
17/09/2020; ¥135,85 
18/09/2020; ¥135,03 
21/09/2020; ¥134,09 
22/09/2020; ¥133,57 
23/09/2020; ¥134,05 
24/09/2020; ¥134,37 
25/09/2020; ¥134,59 
28/09/2020; ¥135,38 
29/09/2020; ¥135,86 
30/09/2020; ¥136,17 
01/10/2020; ¥135,98 
02/10/2020; ¥136,22 
05/10/2020; ¥137,19 
06/10/2020; ¥136,01 
07/10/2020; ¥136,88 
08/10/2020; ¥137,10 
09/10/2020; ¥137,75 
12/10/2020; ¥137,54 
13/10/2020; ¥136,40 
14/10/2020; ¥136,81 
15/10/2020; ¥136,17 
16/10/2020; ¥136,10 
19/10/2020; ¥136,49 
20/10/2020; ¥136,54 
21/10/2020; ¥137,50 
22/10/2020; ¥137,12 
23/10/2020; ¥136,52 
26/10/2020; ¥136,52 
27/10/2020; ¥136,17 
28/10/2020; ¥135,43 
29/10/2020; ¥135,22 
30/10/2020; ¥135,41 
02/11/2020; ¥135,23 
03/11/2020; ¥136,40 
04/11/2020; ¥135,68 
05/11/2020; ¥136,03 
06/11/2020; ¥135,94 
09/11/2020; ¥138,67 
10/11/2020; ¥139,69 
11/11/2020; ¥139,38 
12/11/2020; ¥137,87 
13/11/2020; ¥137,95 
16/11/2020; ¥137,93 
17/11/2020; ¥137,93 
18/11/2020; ¥137,77 
19/11/2020; ¥137,54 
20/11/2020; ¥137,93 
23/11/2020; ¥139,28 
24/11/2020; ¥139,53 
25/11/2020; ¥139,77 
26/11/2020; ¥139,23 
27/11/2020; ¥138,60 
30/11/2020; ¥138,90 
01/12/2020; ¥139,92 
02/12/2020; ¥139,51 
03/12/2020; ¥139,59 
04/12/2020; ¥139,93 
07/12/2020; ¥139,16 
08/12/2020; ¥139,07 
09/12/2020; ¥139,60 
10/12/2020; ¥138,51 
11/12/2020; ¥137,53 
14/12/2020; ¥138,59 
15/12/2020; ¥139,54 
16/12/2020; ¥139,78 
17/12/2020; ¥140,03 
18/12/2020; ¥139,68 
21/12/2020; ¥139,07 
22/12/2020; ¥138,45 
23/12/2020; ¥139,71 
24/12/2020; ¥140,41 
25/12/2020; ¥140,19 
28/12/2020; ¥139,57 
29/12/2020; ¥139,81 
30/12/2020; ¥140,54 
31/12/2020; ¥141,16 
01/01/2021; ¥141,08 
04/01/2021; ¥139,90 
05/01/2021; ¥139,90 
06/01/2021; ¥140,21 
07/01/2021; ¥140,78 
08/01/2021; ¥140,96 
11/01/2021; ¥140,90 
12/01/2021; ¥141,78 
13/01/2021; ¥141,62 
14/01/2021; ¥142,06 
15/01/2021; ¥141,12 
18/01/2021; ¥140,86 
19/01/2021; ¥141,58 
20/01/2021; ¥141,34 
21/01/2021; ¥142,11 
22/01/2021; ¥142,00 
25/01/2021; ¥141,84 
26/01/2021; ¥142,32 
27/01/2021; ¥142,44 
28/01/2021; ¥142,97 
29/01/2021; ¥143,40 
01/02/2021; ¥143,32 
02/02/2021; ¥143,44 
03/02/2021; ¥143,28 
04/02/2021; ¥144,27 
05/02/2021; ¥144,69 
08/02/2021; ¥144,55 
09/02/2021; ¥144,45 
10/02/2021; ¥144,60 
11/02/2021; ¥144,67 
12/02/2021; ¥145,23 
15/02/2021; ¥146,48 
16/02/2021; ¥147,40 
17/02/2021; ¥146,61 
18/02/2021; ¥147,62 
19/02/2021; ¥147,75 
22/02/2021; ¥147,74 
23/02/2021; ¥148,49 
24/02/2021; ¥149,69 
25/02/2021; ¥148,83 
26/02/2021; ¥148,49 
01/03/2021; ¥148,59 
02/03/2021; ¥148,84 
03/03/2021; ¥149,28 
04/03/2021; ¥150,01 
05/03/2021; ¥149,95 
08/03/2021; ¥150,49 
09/03/2021; ¥150,68 
10/03/2021; ¥150,93 
11/03/2021; ¥151,78 
12/03/2021; ¥151,75 
15/03/2021; ¥151,60 
16/03/2021; ¥151,37 
17/03/2021; ¥151,96 
18/03/2021; ¥151,56 
19/03/2021; ¥151,00 
22/03/2021; ¥150,87 
23/03/2021; ¥149,28 
24/03/2021; ¥148,76 
25/03/2021; ¥149,91 
26/03/2021; ¥151,14 
29/03/2021; ¥151,05 
30/03/2021; ¥151,60 
31/03/2021; ¥152,53 
01/04/2021; ¥152,96 
02/04/2021; ¥153,08 
05/04/2021; ¥153,10 
06/04/2021; ¥151,69 
07/04/2021; ¥150,85 
08/04/2021; ¥150,02 
09/04/2021; ¥150,30 
12/04/2021; ¥150,27 
13/04/2021; ¥149,91 
14/04/2021; ¥150,08 
15/04/2021; ¥149,94 
16/04/2021; ¥150,43 
19/04/2021; ¥151,23 
20/04/2021; ¥150,62 
21/04/2021; ¥150,51 
22/04/2021; ¥149,37 
23/04/2021; ¥149,71 
26/04/2021; ¥150,18 
27/04/2021; ¥151,20 
28/04/2021; ¥151,29 
29/04/2021; ¥151,82 
30/04/2021; ¥150,95 
03/05/2021; ¥151,69 
04/05/2021; ¥151,80 
05/05/2021; ¥151,79 
06/05/2021; ¥151,45 
07/05/2021; ¥151,74 
10/05/2021; ¥153,60 
11/05/2021; ¥153,57 
12/05/2021; ¥154,08 
13/05/2021; ¥153,78 
14/05/2021; ¥154,13 
17/05/2021; ¥154,33 
18/05/2021; ¥154,46 
19/05/2021; ¥154,13 
20/05/2021; ¥154,31 
21/05/2021; ¥154,12 
24/05/2021; ¥153,89 
25/05/2021; ¥153,91 
26/05/2021; ¥154,08 
27/05/2021; ¥155,95 
28/05/2021; ¥155,90 
31/05/2021; ¥155,65 
01/06/2021; ¥154,83 
02/06/2021; ¥155,20 
03/06/2021; ¥155,54 
04/06/2021; ¥154,97 
07/06/2021; ¥154,88 
08/06/2021; ¥154,98 
09/06/2021; ¥154,75 
10/06/2021; ¥154,93 
11/06/2021; ¥154,67 
14/06/2021; ¥155,28 
15/06/2021; ¥155,01 
16/06/2021; ¥154,82 
17/06/2021; ¥153,37 
18/06/2021; ¥152,16 
21/06/2021; ¥153,64 
22/06/2021; ¥154,31 
23/06/2021; ¥154,86 
24/06/2021; ¥154,34 
25/06/2021; ¥153,72 
28/06/2021; ¥153,57 
29/06/2021; ¥152,88 
30/06/2021; ¥153,62 
01/07/2021; ¥153,50 
02/07/2021; ¥153,47 
05/07/2021; ¥153,62 
06/07/2021; ¥152,66 
07/07/2021; ¥152,68 
08/07/2021; ¥151,35 
09/07/2021; ¥153,08 
12/07/2021; ¥153,17 
13/07/2021; ¥152,79 
14/07/2021; ¥152,37 
15/07/2021; ¥151,91 
16/07/2021; ¥151,47 
19/07/2021; ¥149,63 
20/07/2021; ¥149,67 
21/07/2021; ¥151,18 
22/07/2021; ¥151,59 
23/07/2021; ¥151,90 
26/07/2021; ¥152,45 
27/07/2021; ¥152,28 
28/07/2021; ¥152,74 
29/07/2021; ¥152,82 
30/07/2021; ¥152,49 
02/08/2021; ¥151,69 
03/08/2021; ¥151,72 
04/08/2021; ¥152,04 
05/08/2021; ¥152,85 
06/08/2021; ¥152,93 
09/08/2021; ¥152,67 
10/08/2021; ¥153,05 
11/08/2021; ¥153,15 
12/08/2021; ¥152,39 
13/08/2021; ¥151,90 
16/08/2021; ¥151,28 
17/08/2021; ¥150,53 
18/08/2021; ¥150,95 
19/08/2021; ¥149,64 
20/08/2021; ¥149,56 
23/08/2021; ¥150,45 
24/08/2021; ¥150,48 
25/08/2021; ¥151,32 
26/08/2021; ¥150,78 
27/08/2021; ¥151,08 
30/08/2021; ¥151,23 
31/08/2021; ¥151,32 
01/09/2021; ¥151,43 
02/09/2021; ¥152,01 
03/09/2021; ¥152,14 
06/09/2021; ¥151,94 
07/09/2021; ¥152,02 
08/09/2021; ¥151,76 
09/09/2021; ¥151,77 
10/09/2021; ¥152,13 
13/09/2021; ¥152,17 
14/09/2021; ¥151,44 
15/09/2021; ¥151,31 
16/09/2021; ¥151,25 
17/09/2021; ¥151,11 
20/09/2021; ¥149,40 
21/09/2021; ¥149,17 
22/09/2021; ¥149,58 
23/09/2021; ¥151,29 
24/09/2021; ¥151,37 
27/09/2021; ¥152,01 
28/09/2021; ¥150,90 
29/09/2021; ¥150,27 
30/09/2021; ¥149,90 
01/10/2021; ¥150,42 
04/10/2021; ¥150,95 
05/10/2021; ¥151,90 
06/10/2021; ¥151,29 
07/10/2021; ¥151,95 
08/10/2021; ¥152,74 
11/10/2021; ¥154,03 
12/10/2021; ¥154,33 
13/10/2021; ¥154,66 
14/10/2021; ¥155,41 
15/10/2021; ¥157,05 
18/10/2021; ¥156,89 
19/10/2021; ¥157,73 
20/10/2021; ¥157,95 
21/10/2021; ¥157,18 
22/10/2021; ¥156,02 
25/10/2021; ¥156,54 
26/10/2021; ¥157,13 
27/10/2021; ¥156,45 
28/10/2021; ¥156,57 
29/10/2021; ¥156,08 
01/11/2021; ¥155,73 
02/11/2021; ¥155,13 
03/11/2021; ¥155,97 
04/11/2021; ¥153,52 
05/11/2021; ¥153,02 
08/11/2021; ¥153,51 
09/11/2021; ¥152,96 
10/11/2021; ¥152,64 
11/11/2021; ¥152,48 
12/11/2021; ¥152,71 
15/11/2021; ¥153,11 
16/11/2021; ¥154,17 
17/11/2021; ¥153,77 
18/11/2021; ¥154,16 
19/11/2021; ¥153,33 
22/11/2021; ¥153,87 
23/11/2021; ¥153,96 
24/11/2021; ¥153,79 
25/11/2021; ¥153,66 
26/11/2021; ¥151,10 
29/11/2021; ¥151,09 
30/11/2021; ¥150,41 
01/12/2021; ¥149,71 
02/12/2021; ¥150,56 
03/12/2021; ¥149,25 
06/12/2021; ¥150,49 
07/12/2021; ¥150,39 
08/12/2021; ¥150,13 
09/12/2021; ¥149,96 
10/12/2021; ¥150,44 
13/12/2021; ¥150,08 
14/12/2021; ¥150,53 
15/12/2021; ¥151,22 
16/12/2021; ¥151,44 
17/12/2021; ¥150,48 
20/12/2021; ¥150,01 
21/12/2021; ¥151,33 
22/12/2021; ¥152,31 
23/12/2021; ¥153,36 
24/12/2021; ¥153,14 
27/12/2021; ¥154,34 
28/12/2021; ¥154,24 
29/12/2021; ¥155,02 
30/12/2021; ¥155,26 
31/12/2021; ¥155,69 
03/01/2022; ¥155,35 
04/01/2022; ¥157,10 
05/01/2022; ¥157,36 
06/01/2022; ¥156,68 
07/01/2022; ¥156,97 
