USD/JPY;
Date;Clôture
06/01/2014; ¥104,21 
07/01/2014; ¥104,60 
08/01/2014; ¥104,83 
09/01/2014; ¥104,82 
10/01/2014; ¥104,12 
13/01/2014; ¥102,98 
14/01/2014; ¥104,20 
15/01/2014; ¥104,55 
16/01/2014; ¥104,34 
17/01/2014; ¥104,29 
20/01/2014; ¥104,16 
21/01/2014; ¥104,30 
22/01/2014; ¥104,51 
23/01/2014; ¥103,25 
24/01/2014; ¥102,28 
27/01/2014; ¥102,54 
28/01/2014; ¥102,95 
29/01/2014; ¥102,28 
30/01/2014; ¥102,70 
31/01/2014; ¥102,03 
03/02/2014; ¥100,97 
04/02/2014; ¥101,64 
05/02/2014; ¥101,43 
06/02/2014; ¥102,08 
07/02/2014; ¥102,33 
10/02/2014; ¥102,24 
11/02/2014; ¥102,63 
12/02/2014; ¥102,52 
13/02/2014; ¥102,15 
14/02/2014; ¥101,77 
17/02/2014; ¥101,92 
18/02/2014; ¥102,35 
19/02/2014; ¥102,31 
20/02/2014; ¥102,26 
21/02/2014; ¥102,52 
24/02/2014; ¥102,47 
25/02/2014; ¥102,22 
26/02/2014; ¥102,35 
27/02/2014; ¥102,11 
28/02/2014; ¥101,80 
03/03/2014; ¥101,43 
04/03/2014; ¥102,20 
05/03/2014; ¥102,30 
06/03/2014; ¥103,06 
07/03/2014; ¥103,25 
10/03/2014; ¥103,25 
11/03/2014; ¥103,00 
12/03/2014; ¥102,75 
13/03/2014; ¥101,83 
14/03/2014; ¥101,34 
17/03/2014; ¥101,76 
18/03/2014; ¥101,42 
19/03/2014; ¥102,33 
20/03/2014; ¥102,38 
21/03/2014; ¥102,23 
24/03/2014; ¥102,23 
25/03/2014; ¥102,26 
26/03/2014; ¥102,03 
27/03/2014; ¥102,16 
28/03/2014; ¥102,79 
31/03/2014; ¥103,19 
01/04/2014; ¥103,64 
02/04/2014; ¥103,85 
03/04/2014; ¥103,91 
04/04/2014; ¥103,28 
07/04/2014; ¥103,09 
08/04/2014; ¥101,79 
09/04/2014; ¥101,97 
10/04/2014; ¥101,50 
11/04/2014; ¥101,59 
14/04/2014; ¥101,82 
15/04/2014; ¥101,91 
16/04/2014; ¥102,22 
17/04/2014; ¥102,38 
18/04/2014; ¥102,39 
21/04/2014; ¥102,61 
22/04/2014; ¥102,60 
23/04/2014; ¥102,53 
24/04/2014; ¥102,30 
25/04/2014; ¥102,15 
28/04/2014; ¥102,48 
29/04/2014; ¥102,61 
30/04/2014; ¥102,24 
01/05/2014; ¥102,32 
02/05/2014; ¥102,18 
05/05/2014; ¥102,13 
06/05/2014; ¥101,67 
07/05/2014; ¥101,90 
08/05/2014; ¥101,65 
09/05/2014; ¥101,85 
12/05/2014; ¥102,11 
13/05/2014; ¥102,25 
14/05/2014; ¥101,87 
15/05/2014; ¥101,56 
16/05/2014; ¥101,49 
19/05/2014; ¥101,49 
20/05/2014; ¥101,31 
21/05/2014; ¥101,35 
22/05/2014; ¥101,72 
23/05/2014; ¥101,96 
26/05/2014; ¥101,94 
27/05/2014; ¥101,97 
28/05/2014; ¥101,83 
29/05/2014; ¥101,79 
30/05/2014; ¥101,78 
02/06/2014; ¥102,36 
03/06/2014; ¥102,48 
04/06/2014; ¥102,73 
05/06/2014; ¥102,38 
06/06/2014; ¥102,47 
09/06/2014; ¥102,52 
10/06/2014; ¥102,35 
11/06/2014; ¥102,06 
12/06/2014; ¥101,70 
13/06/2014; ¥102,05 
16/06/2014; ¥101,83 
17/06/2014; ¥102,14 
18/06/2014; ¥101,91 
19/06/2014; ¥101,91 
20/06/2014; ¥102,06 
23/06/2014; ¥101,93 
24/06/2014; ¥101,97 
25/06/2014; ¥101,86 
26/06/2014; ¥101,73 
27/06/2014; ¥101,36 
30/06/2014; ¥101,30 
01/07/2014; ¥101,52 
02/07/2014; ¥101,77 
03/07/2014; ¥102,18 
04/07/2014; ¥102,10 
07/07/2014; ¥101,82 
08/07/2014; ¥101,57 
09/07/2014; ¥101,62 
10/07/2014; ¥101,31 
11/07/2014; ¥101,36 
14/07/2014; ¥101,53 
15/07/2014; ¥101,68 
16/07/2014; ¥101,67 
17/07/2014; ¥101,15 
18/07/2014; ¥101,32 
21/07/2014; ¥101,39 
22/07/2014; ¥101,46 
23/07/2014; ¥101,47 
24/07/2014; ¥101,81 
25/07/2014; ¥101,82 
28/07/2014; ¥101,85 
29/07/2014; ¥102,11 
30/07/2014; ¥102,78 
31/07/2014; ¥102,79 
01/08/2014; ¥102,61 
04/08/2014; ¥102,58 
05/08/2014; ¥102,59 
06/08/2014; ¥102,09 
07/08/2014; ¥102,09 
08/08/2014; ¥102,04 
11/08/2014; ¥102,18 
12/08/2014; ¥102,25 
13/08/2014; ¥102,41 
14/08/2014; ¥102,43 
15/08/2014; ¥102,34 
18/08/2014; ¥102,56 
19/08/2014; ¥102,89 
20/08/2014; ¥103,73 
21/08/2014; ¥103,82 
22/08/2014; ¥103,92 
25/08/2014; ¥104,03 
26/08/2014; ¥104,05 
27/08/2014; ¥103,85 
28/08/2014; ¥103,70 
29/08/2014; ¥104,05 
01/09/2014; ¥104,35 
02/09/2014; ¥105,07 
03/09/2014; ¥104,79 
04/09/2014; ¥105,26 
05/09/2014; ¥105,08 
08/09/2014; ¥106,02 
09/09/2014; ¥106,18 
10/09/2014; ¥106,82 
11/09/2014; ¥107,10 
12/09/2014; ¥107,32 
15/09/2014; ¥107,16 
16/09/2014; ¥107,12 
17/09/2014; ¥108,37 
18/09/2014; ¥108,69 
19/09/2014; ¥109,01 
22/09/2014; ¥108,84 
23/09/2014; ¥108,88 
24/09/2014; ¥109,01 
25/09/2014; ¥108,74 
26/09/2014; ¥109,27 
29/09/2014; ¥109,46 
30/09/2014; ¥109,64 
01/10/2014; ¥108,87 
02/10/2014; ¥108,41 
03/10/2014; ¥109,75 
06/10/2014; ¥108,78 
07/10/2014; ¥108,02 
08/10/2014; ¥108,08 
09/10/2014; ¥107,83 
10/10/2014; ¥107,65 
13/10/2014; ¥106,83 
14/10/2014; ¥107,04 
15/10/2014; ¥105,90 
16/10/2014; ¥106,32 
17/10/2014; ¥106,87 
20/10/2014; ¥106,94 
21/10/2014; ¥106,97 
22/10/2014; ¥107,14 
23/10/2014; ¥108,25 
24/10/2014; ¥108,14 
27/10/2014; ¥107,81 
28/10/2014; ¥108,14 
29/10/2014; ¥108,88 
30/10/2014; ¥109,20 
31/10/2014; ¥112,30 
03/11/2014; ¥114,03 
04/11/2014; ¥113,58 
05/11/2014; ¥114,63 
06/11/2014; ¥115,20 
07/11/2014; ¥114,53 
10/11/2014; ¥114,85 
11/11/2014; ¥115,77 
12/11/2014; ¥115,47 
13/11/2014; ¥115,73 
14/11/2014; ¥116,27 
17/11/2014; ¥116,64 
18/11/2014; ¥116,86 
19/11/2014; ¥117,97 
20/11/2014; ¥118,20 
21/11/2014; ¥117,80 
24/11/2014; ¥118,26 
25/11/2014; ¥117,97 
26/11/2014; ¥117,72 
27/11/2014; ¥117,68 
28/11/2014; ¥118,61 
01/12/2014; ¥118,39 
02/12/2014; ¥119,19 
03/12/2014; ¥119,77 
04/12/2014; ¥119,78 
05/12/2014; ¥121,41 
08/12/2014; ¥120,67 
09/12/2014; ¥119,69 
10/12/2014; ¥117,81 
11/12/2014; ¥118,65 
12/12/2014; ¥118,77 
15/12/2014; ¥117,80 
16/12/2014; ¥116,39 
17/12/2014; ¥118,64 
18/12/2014; ¥118,82 
19/12/2014; ¥119,49 
22/12/2014; ¥120,05 
23/12/2014; ¥120,67 
24/12/2014; ¥120,48 
25/12/2014; ¥120,08 
26/12/2014; ¥120,39 
29/12/2014; ¥120,65 
30/12/2014; ¥119,46 
31/12/2014; ¥119,68 
01/01/2015; ¥119,77 
02/01/2015; ¥120,49 
05/01/2015; ¥119,63 
06/01/2015; ¥118,39 
07/01/2015; ¥119,25 
08/01/2015; ¥119,65 
09/01/2015; ¥118,50 
12/01/2015; ¥118,32 
13/01/2015; ¥117,92 
14/01/2015; ¥117,32 
15/01/2015; ¥116,16 
16/01/2015; ¥117,61 
19/01/2015; ¥117,55 
20/01/2015; ¥118,79 
21/01/2015; ¥117,93 
22/01/2015; ¥118,48 
23/01/2015; ¥117,74 
26/01/2015; ¥118,45 
27/01/2015; ¥117,85 
28/01/2015; ¥117,53 
29/01/2015; ¥118,26 
30/01/2015; ¥117,44 
02/02/2015; ¥117,58 
03/02/2015; ¥117,55 
04/02/2015; ¥117,26 
05/02/2015; ¥117,51 
06/02/2015; ¥118,96 
09/02/2015; ¥118,63 
10/02/2015; ¥119,41 
11/02/2015; ¥120,45 
12/02/2015; ¥119,10 
13/02/2015; ¥118,72 
16/02/2015; ¥118,46 
17/02/2015; ¥119,22 
18/02/2015; ¥118,78 
19/02/2015; ¥118,94 
20/02/2015; ¥119,01 
23/02/2015; ¥118,81 
24/02/2015; ¥118,97 
25/02/2015; ¥118,84 
26/02/2015; ¥119,41 
27/02/2015; ¥119,51 
02/03/2015; ¥120,12 
03/03/2015; ¥119,72 
04/03/2015; ¥119,65 
05/03/2015; ¥120,13 
06/03/2015; ¥120,83 
09/03/2015; ¥121,15 
10/03/2015; ¥121,13 
11/03/2015; ¥121,44 
12/03/2015; ¥121,28 
13/03/2015; ¥121,38 
16/03/2015; ¥121,32 
17/03/2015; ¥121,35 
18/03/2015; ¥120,09 
19/03/2015; ¥120,78 
20/03/2015; ¥120,03 
23/03/2015; ¥119,73 
24/03/2015; ¥119,72 
25/03/2015; ¥119,48 
26/03/2015; ¥119,18 
27/03/2015; ¥119,10 
30/03/2015; ¥120,06 
31/03/2015; ¥120,12 
01/04/2015; ¥119,75 
02/04/2015; ¥119,70 
03/04/2015; ¥118,96 
06/04/2015; ¥119,52 
07/04/2015; ¥120,26 
08/04/2015; ¥120,12 
09/04/2015; ¥120,57 
10/04/2015; ¥120,21 
13/04/2015; ¥120,10 
14/04/2015; ¥119,36 
15/04/2015; ¥119,13 
16/04/2015; ¥118,99 
17/04/2015; ¥118,90 
20/04/2015; ¥119,18 
21/04/2015; ¥119,66 
22/04/2015; ¥119,90 
23/04/2015; ¥119,56 
24/04/2015; ¥118,97 
27/04/2015; ¥119,03 
28/04/2015; ¥118,84 
29/04/2015; ¥119,02 
30/04/2015; ¥119,34 
01/05/2015; ¥120,16 
04/05/2015; ¥120,10 
05/05/2015; ¥119,82 
06/05/2015; ¥119,43 
07/05/2015; ¥119,73 
08/05/2015; ¥119,79 
11/05/2015; ¥120,07 
12/05/2015; ¥119,85 
13/05/2015; ¥119,14 
14/05/2015; ¥119,13 
15/05/2015; ¥119,27 
18/05/2015; ¥119,98 
19/05/2015; ¥120,69 
20/05/2015; ¥121,34 
21/05/2015; ¥121,02 
22/05/2015; ¥121,53 
25/05/2015; ¥121,55 
26/05/2015; ¥123,08 
27/05/2015; ¥123,65 
28/05/2015; ¥123,94 
29/05/2015; ¥124,11 
01/06/2015; ¥124,76 
02/06/2015; ¥124,08 
03/06/2015; ¥124,24 
04/06/2015; ¥124,36 
05/06/2015; ¥125,61 
08/06/2015; ¥124,47 
09/06/2015; ¥124,32 
10/06/2015; ¥122,65 
11/06/2015; ¥123,39 
12/06/2015; ¥123,37 
15/06/2015; ¥123,41 
16/06/2015; ¥123,34 
17/06/2015; ¥123,41 
18/06/2015; ¥122,95 
19/06/2015; ¥122,65 
22/06/2015; ¥123,36 
23/06/2015; ¥123,94 
24/06/2015; ¥123,84 
25/06/2015; ¥123,60 
26/06/2015; ¥123,85 
29/06/2015; ¥122,53 
30/06/2015; ¥122,49 
01/07/2015; ¥123,15 
02/07/2015; ¥123,04 
03/07/2015; ¥122,80 
06/07/2015; ¥122,55 
07/07/2015; ¥122,53 
08/07/2015; ¥120,70 
09/07/2015; ¥121,33 
10/07/2015; ¥122,74 
13/07/2015; ¥123,42 
14/07/2015; ¥123,35 
15/07/2015; ¥123,76 
16/07/2015; ¥124,14 
17/07/2015; ¥124,07 
20/07/2015; ¥124,25 
21/07/2015; ¥123,87 
22/07/2015; ¥123,94 
23/07/2015; ¥123,89 
24/07/2015; ¥123,79 
27/07/2015; ¥123,22 
28/07/2015; ¥123,55 
29/07/2015; ¥123,92 
30/07/2015; ¥124,14 
31/07/2015; ¥123,92 
03/08/2015; ¥124,01 
04/08/2015; ¥124,38 
05/08/2015; ¥124,88 
06/08/2015; ¥124,73 
07/08/2015; ¥124,21 
10/08/2015; ¥124,61 
11/08/2015; ¥125,10 
12/08/2015; ¥124,20 
13/08/2015; ¥124,41 
14/08/2015; ¥124,30 
17/08/2015; ¥124,38 
18/08/2015; ¥124,39 
19/08/2015; ¥123,78 
20/08/2015; ¥123,38 
21/08/2015; ¥122,01 
24/08/2015; ¥118,39 
25/08/2015; ¥118,86 
26/08/2015; ¥119,90 
27/08/2015; ¥121,03 
28/08/2015; ¥121,70 
31/08/2015; ¥121,22 
01/09/2015; ¥119,36 
02/09/2015; ¥120,32 
03/09/2015; ¥120,06 
04/09/2015; ¥118,99 
07/09/2015; ¥119,27 
08/09/2015; ¥119,78 
09/09/2015; ¥120,48 
10/09/2015; ¥120,59 
11/09/2015; ¥120,55 
14/09/2015; ¥120,22 
15/09/2015; ¥120,42 
16/09/2015; ¥120,55 
17/09/2015; ¥119,98 
18/09/2015; ¥119,98 
21/09/2015; ¥120,53 
22/09/2015; ¥120,12 
23/09/2015; ¥120,28 
24/09/2015; ¥120,06 
25/09/2015; ¥120,55 
28/09/2015; ¥119,91 
29/09/2015; ¥119,71 
30/09/2015; ¥119,84 
01/10/2015; ¥119,92 
02/10/2015; ¥119,89 
05/10/2015; ¥120,45 
06/10/2015; ¥120,23 
07/10/2015; ¥120,00 
08/10/2015; ¥119,91 
09/10/2015; ¥120,25 
12/10/2015; ¥120,02 
13/10/2015; ¥119,73 
14/10/2015; ¥118,82 
15/10/2015; ¥118,87 
16/10/2015; ¥119,42 
19/10/2015; ¥119,48 
20/10/2015; ¥119,82 
21/10/2015; ¥119,93 
22/10/2015; ¥120,66 
23/10/2015; ¥121,45 
26/10/2015; ¥121,07 
27/10/2015; ¥120,45 
28/10/2015; ¥121,06 
29/10/2015; ¥121,12 
30/10/2015; ¥120,61 
02/11/2015; ¥120,75 
03/11/2015; ¥121,05 
04/11/2015; ¥121,53 
05/11/2015; ¥121,74 
06/11/2015; ¥123,13 
09/11/2015; ¥123,17 
10/11/2015; ¥123,12 
11/11/2015; ¥122,82 
12/11/2015; ¥122,59 
13/11/2015; ¥122,62 
16/11/2015; ¥123,15 
17/11/2015; ¥123,43 
18/11/2015; ¥123,61 
19/11/2015; ¥122,85 
20/11/2015; ¥122,89 
23/11/2015; ¥122,82 
24/11/2015; ¥122,51 
25/11/2015; ¥122,70 
26/11/2015; ¥122,60 
27/11/2015; ¥122,82 
30/11/2015; ¥123,08 
01/12/2015; ¥122,85 
02/12/2015; ¥123,24 
03/12/2015; ¥122,59 
04/12/2015; ¥123,16 
07/12/2015; ¥123,37 
08/12/2015; ¥122,90 
09/12/2015; ¥121,42 
10/12/2015; ¥121,58 
11/12/2015; ¥120,86 
14/12/2015; ¥121,02 
15/12/2015; ¥121,65 
16/12/2015; ¥122,20 
17/12/2015; ¥122,55 
18/12/2015; ¥121,20 
21/12/2015; ¥121,15 
22/12/2015; ¥121,05 
23/12/2015; ¥120,91 
24/12/2015; ¥120,42 
25/12/2015; ¥120,40 
28/12/2015; ¥120,38 
29/12/2015; ¥120,46 
30/12/2015; ¥120,49 
31/12/2015; ¥120,30 
01/01/2016; ¥120,30 
04/01/2016; ¥119,42 
05/01/2016; ¥119,05 
06/01/2016; ¥118,46 
07/01/2016; ¥117,66 
08/01/2016; ¥117,44 
11/01/2016; ¥117,75 
12/01/2016; ¥117,62 
13/01/2016; ¥117,66 
14/01/2016; ¥118,04 
15/01/2016; ¥117,05 
18/01/2016; ¥117,31 
19/01/2016; ¥117,62 
20/01/2016; ¥116,91 
21/01/2016; ¥117,68 
22/01/2016; ¥118,77 
25/01/2016; ¥118,28 
26/01/2016; ¥118,41 
27/01/2016; ¥118,66 
28/01/2016; ¥118,81 
29/01/2016; ¥121,03 
01/02/2016; ¥120,97 
02/02/2016; ¥119,94 
03/02/2016; ¥117,88 
04/02/2016; ¥116,74 
05/02/2016; ¥116,89 
08/02/2016; ¥115,84 
09/02/2016; ¥115,10 
10/02/2016; ¥113,32 
11/02/2016; ¥112,41 
12/02/2016; ¥113,20 
15/02/2016; ¥114,57 
16/02/2016; ¥114,06 
17/02/2016; ¥114,08 
18/02/2016; ¥113,23 
19/02/2016; ¥112,54 
22/02/2016; ¥112,91 
23/02/2016; ¥112,10 
24/02/2016; ¥112,17 
25/02/2016; ¥112,98 
26/02/2016; ¥113,99 
29/02/2016; ¥112,66 
01/03/2016; ¥113,98 
02/03/2016; ¥113,45 
03/03/2016; ¥113,67 
04/03/2016; ¥113,75 
07/03/2016; ¥113,43 
08/03/2016; ¥112,61 
09/03/2016; ¥113,31 
10/03/2016; ¥113,18 
11/03/2016; ¥113,80 
14/03/2016; ¥113,81 
15/03/2016; ¥113,17 
16/03/2016; ¥112,57 
17/03/2016; ¥111,37 
18/03/2016; ¥111,55 
21/03/2016; ¥111,93 
22/03/2016; ¥112,36 
23/03/2016; ¥112,35 
24/03/2016; ¥112,89 
25/03/2016; ¥113,04 
28/03/2016; ¥113,43 
29/03/2016; ¥112,68 
30/03/2016; ¥112,42 
31/03/2016; ¥112,56 
01/04/2016; ¥111,65 
04/04/2016; ¥111,31 
05/04/2016; ¥110,31 
06/04/2016; ¥109,78 
07/04/2016; ¥108,20 
08/04/2016; ¥108,03 
11/04/2016; ¥107,93 
12/04/2016; ¥108,53 
13/04/2016; ¥109,33 
14/04/2016; ¥109,37 
15/04/2016; ¥108,73 
18/04/2016; ¥108,81 
19/04/2016; ¥109,17 
20/04/2016; ¥109,83 
21/04/2016; ¥109,44 
22/04/2016; ¥111,78 
25/04/2016; ¥111,19 
26/04/2016; ¥111,30 
27/04/2016; ¥111,45 
28/04/2016; ¥108,08 
29/04/2016; ¥106,35 
02/05/2016; ¥106,40 
03/05/2016; ¥106,59 
04/05/2016; ¥107,00 
05/05/2016; ¥107,24 
06/05/2016; ¥107,10 
09/05/2016; ¥108,31 
10/05/2016; ¥109,25 
11/05/2016; ¥108,41 
12/05/2016; ¥109,01 
13/05/2016; ¥108,60 
16/05/2016; ¥109,01 
17/05/2016; ¥109,12 
18/05/2016; ¥110,18 
19/05/2016; ¥109,95 
20/05/2016; ¥110,14 
23/05/2016; ¥109,22 
24/05/2016; ¥109,98 
25/05/2016; ¥110,18 
26/05/2016; ¥109,75 
27/05/2016; ¥110,22 
30/05/2016; ¥111,11 
31/05/2016; ¥110,68 
01/06/2016; ¥109,52 
02/06/2016; ¥108,85 
03/06/2016; ¥106,51 
06/06/2016; ¥107,55 
07/06/2016; ¥107,33 
08/06/2016; ¥106,97 
09/06/2016; ¥107,08 
10/06/2016; ¥106,96 
13/06/2016; ¥106,23 
14/06/2016; ¥106,10 
15/06/2016; ¥106,00 
16/06/2016; ¥104,24 
17/06/2016; ¥104,10 
20/06/2016; ¥103,92 
21/06/2016; ¥104,73 
22/06/2016; ¥104,39 
23/06/2016; ¥106,13 
24/06/2016; ¥102,19 
27/06/2016; ¥101,99 
28/06/2016; ¥102,74 
29/06/2016; ¥102,81 
30/06/2016; ¥103,25 
01/07/2016; ¥102,51 
04/07/2016; ¥102,55 
05/07/2016; ¥101,70 
06/07/2016; ¥101,31 
07/07/2016; ¥100,75 
08/07/2016; ¥100,53 
11/07/2016; ¥102,79 
12/07/2016; ¥104,69 
13/07/2016; ¥104,48 
14/07/2016; ¥105,32 
15/07/2016; ¥104,83 
18/07/2016; ¥106,15 
19/07/2016; ¥106,11 
20/07/2016; ¥106,82 
21/07/2016; ¥105,80 
22/07/2016; ¥106,06 
25/07/2016; ¥105,76 
26/07/2016; ¥104,64 
27/07/2016; ¥105,39 
28/07/2016; ¥105,24 
29/07/2016; ¥102,05 
01/08/2016; ¥102,38 
02/08/2016; ¥100,88 
03/08/2016; ¥101,22 
04/08/2016; ¥101,20 
05/08/2016; ¥101,80 
08/08/2016; ¥102,43 
09/08/2016; ¥101,89 
10/08/2016; ¥101,27 
11/08/2016; ¥101,95 
12/08/2016; ¥101,29 
15/08/2016; ¥101,24 
16/08/2016; ¥100,28 
17/08/2016; ¥100,24 
18/08/2016; ¥99,87 
19/08/2016; ¥100,20 
22/08/2016; ¥100,32 
23/08/2016; ¥100,23 
24/08/2016; ¥100,43 
25/08/2016; ¥100,51 
26/08/2016; ¥101,82 
29/08/2016; ¥101,90 
30/08/2016; ¥102,95 
31/08/2016; ¥103,42 
01/09/2016; ¥103,23 
02/09/2016; ¥103,97 
05/09/2016; ¥103,42 
06/09/2016; ¥101,98 
07/09/2016; ¥101,71 
08/09/2016; ¥102,48 
09/09/2016; ¥102,68 
12/09/2016; ¥101,84 
13/09/2016; ¥102,53 
14/09/2016; ¥102,40 
15/09/2016; ¥102,09 
16/09/2016; ¥102,28 
19/09/2016; ¥101,92 
20/09/2016; ¥101,69 
21/09/2016; ¥100,29 
22/09/2016; ¥100,73 
23/09/2016; ¥100,98 
26/09/2016; ¥100,32 
27/09/2016; ¥100,43 
28/09/2016; ¥100,65 
29/09/2016; ¥101,01 
30/09/2016; ¥101,33 
03/10/2016; ¥101,61 
04/10/2016; ¥102,88 
05/10/2016; ¥103,49 
06/10/2016; ¥103,93 
07/10/2016; ¥102,90 
10/10/2016; ¥103,58 
11/10/2016; ¥103,50 
12/10/2016; ¥104,18 
13/10/2016; ¥103,68 
14/10/2016; ¥104,18 
17/10/2016; ¥103,89 
18/10/2016; ¥103,85 
19/10/2016; ¥103,44 
20/10/2016; ¥103,94 
21/10/2016; ¥103,80 
24/10/2016; ¥104,17 
25/10/2016; ¥104,22 
26/10/2016; ¥104,46 
27/10/2016; ¥105,28 
28/10/2016; ¥104,69 
31/10/2016; ¥104,81 
01/11/2016; ¥104,12 
02/11/2016; ¥103,29 
03/11/2016; ¥102,97 
04/11/2016; ¥103,12 
07/11/2016; ¥104,45 
08/11/2016; ¥105,14 
09/11/2016; ¥105,65 
10/11/2016; ¥106,81 
11/11/2016; ¥106,67 
14/11/2016; ¥108,41 
15/11/2016; ¥109,15 
16/11/2016; ¥109,06 
17/11/2016; ¥110,08 
18/11/2016; ¥110,91 
21/11/2016; ¥110,79 
22/11/2016; ¥111,12 
23/11/2016; ¥112,50 
24/11/2016; ¥113,29 
25/11/2016; ¥113,06 
28/11/2016; ¥111,92 
29/11/2016; ¥112,36 
30/11/2016; ¥114,44 
01/12/2016; ¥114,08 
02/12/2016; ¥113,54 
05/12/2016; ¥113,82 
06/12/2016; ¥113,98 
07/12/2016; ¥113,75 
08/12/2016; ¥114,01 
09/12/2016; ¥115,36 
12/12/2016; ¥115,02 
13/12/2016; ¥115,16 
14/12/2016; ¥117,03 
15/12/2016; ¥118,16 
16/12/2016; ¥117,98 
19/12/2016; ¥117,07 
20/12/2016; ¥117,84 
21/12/2016; ¥117,54 
22/12/2016; ¥117,51 
23/12/2016; ¥117,31 
26/12/2016; ¥117,07 
27/12/2016; ¥117,39 
28/12/2016; ¥117,24 
29/12/2016; ¥116,53 
30/12/2016; ¥116,87 
02/01/2017; ¥117,51 
03/01/2017; ¥117,74 
04/01/2017; ¥117,24 
05/01/2017; ¥115,34 
06/01/2017; ¥116,91 
09/01/2017; ¥116,01 
10/01/2017; ¥115,76 
11/01/2017; ¥115,40 
12/01/2017; ¥114,70 
13/01/2017; ¥114,51 
16/01/2017; ¥114,18 
17/01/2017; ¥112,62 
18/01/2017; ¥114,65 
19/01/2017; ¥114,86 
20/01/2017; ¥114,60 
23/01/2017; ¥112,68 
24/01/2017; ¥113,78 
25/01/2017; ¥113,27 
26/01/2017; ¥114,52 
27/01/2017; ¥115,06 
30/01/2017; ¥113,76 
31/01/2017; ¥112,78 
01/02/2017; ¥113,23 
02/02/2017; ¥112,80 
03/02/2017; ¥112,70 
06/02/2017; ¥111,71 
07/02/2017; ¥112,37 
08/02/2017; ¥111,93 
09/02/2017; ¥113,22 
10/02/2017; ¥113,19 
13/02/2017; ¥113,73 
14/02/2017; ¥114,25 
15/02/2017; ¥114,15 
16/02/2017; ¥113,20 
17/02/2017; ¥112,85 
20/02/2017; ¥113,07 
21/02/2017; ¥113,67 
22/02/2017; ¥113,27 
23/02/2017; ¥112,57 
24/02/2017; ¥112,18 
27/02/2017; ¥112,67 
28/02/2017; ¥112,75 
01/03/2017; ¥113,71 
02/03/2017; ¥114,38 
03/03/2017; ¥113,99 
06/03/2017; ¥113,87 
07/03/2017; ¥113,96 
08/03/2017; ¥114,32 
09/03/2017; ¥114,91 
10/03/2017; ¥114,74 
13/03/2017; ¥114,87 
14/03/2017; ¥114,73 
15/03/2017; ¥113,35 
16/03/2017; ¥113,30 
17/03/2017; ¥112,70 
20/03/2017; ¥112,55 
21/03/2017; ¥111,71 
22/03/2017; ¥111,14 
23/03/2017; ¥110,93 
24/03/2017; ¥111,33 
27/03/2017; ¥110,65 
28/03/2017; ¥111,12 
29/03/2017; ¥111,03 
30/03/2017; ¥111,89 
31/03/2017; ¥111,38 
03/04/2017; ¥110,87 
04/04/2017; ¥110,72 
05/04/2017; ¥110,68 
06/04/2017; ¥110,80 
07/04/2017; ¥111,05 
10/04/2017; ¥110,93 
11/04/2017; ¥109,60 
12/04/2017; ¥109,00 
13/04/2017; ¥109,08 
14/04/2017; ¥108,61 
17/04/2017; ¥108,89 
18/04/2017; ¥108,40 
19/04/2017; ¥108,85 
20/04/2017; ¥109,31 
21/04/2017; ¥109,07 
24/04/2017; ¥109,75 
25/04/2017; ¥111,08 
26/04/2017; ¥111,03 
27/04/2017; ¥111,25 
28/04/2017; ¥111,53 
01/05/2017; ¥111,83 
02/05/2017; ¥111,96 
03/05/2017; ¥112,73 
04/05/2017; ¥112,45 
05/05/2017; ¥112,71 
08/05/2017; ¥113,24 
09/05/2017; ¥113,98 
10/05/2017; ¥114,27 
11/05/2017; ¥113,84 
12/05/2017; ¥113,33 
15/05/2017; ¥113,77 
16/05/2017; ¥113,11 
17/05/2017; ¥110,80 
18/05/2017; ¥111,47 
19/05/2017; ¥111,26 
22/05/2017; ¥111,27 
23/05/2017; ¥111,77 
24/05/2017; ¥111,49 
25/05/2017; ¥111,82 
26/05/2017; ¥111,31 
29/05/2017; ¥111,24 
30/05/2017; ¥110,82 
31/05/2017; ¥110,75 
01/06/2017; ¥111,34 
02/06/2017; ¥110,40 
05/06/2017; ¥110,45 
06/06/2017; ¥109,40 
07/06/2017; ¥109,79 
08/06/2017; ¥109,97 
09/06/2017; ¥110,33 
12/06/2017; ¥109,92 
13/06/2017; ¥110,05 
14/06/2017; ¥109,56 
15/06/2017; ¥110,91 
16/06/2017; ¥110,84 
19/06/2017; ¥111,51 
20/06/2017; ¥111,42 
21/06/2017; ¥111,37 
22/06/2017; ¥111,32 
23/06/2017; ¥111,26 
26/06/2017; ¥111,83 
27/06/2017; ¥112,34 
28/06/2017; ¥112,28 
29/06/2017; ¥112,16 
30/06/2017; ¥112,35 
03/07/2017; ¥113,37 
04/07/2017; ¥113,26 
05/07/2017; ¥113,25 
06/07/2017; ¥113,20 
07/07/2017; ¥113,88 
10/07/2017; ¥114,03 
11/07/2017; ¥113,92 
12/07/2017; ¥113,13 
13/07/2017; ¥113,27 
14/07/2017; ¥112,50 
17/07/2017; ¥112,62 
18/07/2017; ¥112,06 
19/07/2017; ¥111,95 
20/07/2017; ¥111,89 
21/07/2017; ¥111,10 
24/07/2017; ¥111,09 
25/07/2017; ¥111,88 
26/07/2017; ¥111,15 
27/07/2017; ¥111,22 
28/07/2017; ¥110,65 
31/07/2017; ¥110,25 
01/08/2017; ¥110,35 
02/08/2017; ¥110,72 
03/08/2017; ¥110,02 
04/08/2017; ¥110,67 
07/08/2017; ¥110,73 
08/08/2017; ¥110,30 
09/08/2017; ¥110,06 
10/08/2017; ¥109,20 
11/08/2017; ¥109,15 
14/08/2017; ¥109,62 
15/08/2017; ¥110,66 
16/08/2017; ¥110,18 
17/08/2017; ¥109,56 
18/08/2017; ¥109,17 
21/08/2017; ¥108,97 
22/08/2017; ¥109,56 
23/08/2017; ¥109,02 
24/08/2017; ¥109,54 
25/08/2017; ¥109,34 
28/08/2017; ¥109,24 
29/08/2017; ¥109,74 
30/08/2017; ¥110,22 
31/08/2017; ¥109,96 
01/09/2017; ¥110,25 
04/09/2017; ¥109,72 
05/09/2017; ¥108,80 
06/09/2017; ¥109,22 
07/09/2017; ¥108,44 
08/09/2017; ¥107,83 
11/09/2017; ¥109,39 
12/09/2017; ¥110,16 
13/09/2017; ¥110,47 
14/09/2017; ¥110,22 
15/09/2017; ¥110,84 
18/09/2017; ¥111,56 
19/09/2017; ¥111,58 
20/09/2017; ¥112,21 
21/09/2017; ¥112,46 
22/09/2017; ¥111,97 
25/09/2017; ¥111,72 
26/09/2017; ¥112,22 
27/09/2017; ¥112,81 
28/09/2017; ¥112,33 
29/09/2017; ¥112,47 
02/10/2017; ¥112,75 
03/10/2017; ¥112,84 
04/10/2017; ¥112,74 
05/10/2017; ¥112,81 
06/10/2017; ¥112,63 
09/10/2017; ¥112,66 
10/10/2017; ¥112,44 
11/10/2017; ¥112,48 
12/10/2017; ¥112,27 
13/10/2017; ¥111,84 
16/10/2017; ¥112,18 
17/10/2017; ¥112,19 
18/10/2017; ¥112,92 
19/10/2017; ¥112,53 
20/10/2017; ¥113,50 
23/10/2017; ¥113,42 
24/10/2017; ¥113,89 
25/10/2017; ¥113,73 
26/10/2017; ¥113,97 
27/10/2017; ¥113,67 
30/10/2017; ¥113,17 
31/10/2017; ¥113,62 
01/11/2017; ¥114,15 
02/11/2017; ¥114,08 
03/11/2017; ¥114,06 
06/11/2017; ¥113,68 
07/11/2017; ¥114,00 
08/11/2017; ¥113,86 
09/11/2017; ¥113,46 
10/11/2017; ¥113,53 
13/11/2017; ¥113,61 
14/11/2017; ¥113,44 
15/11/2017; ¥112,86 
16/11/2017; ¥113,05 
17/11/2017; ¥112,07 
20/11/2017; ¥112,62 
21/11/2017; ¥112,43 
22/11/2017; ¥111,20 
23/11/2017; ¥111,21 
24/11/2017; ¥111,53 
27/11/2017; ¥111,09 
28/11/2017; ¥111,47 
29/11/2017; ¥111,92 
30/11/2017; ¥112,52 
01/12/2017; ¥112,10 
04/12/2017; ¥112,40 
05/12/2017; ¥112,58 
06/12/2017; ¥112,28 
07/12/2017; ¥113,08 
08/12/2017; ¥113,48 
11/12/2017; ¥113,55 
12/12/2017; ¥113,53 
13/12/2017; ¥112,53 
14/12/2017; ¥112,38 
15/12/2017; ¥112,57 
18/12/2017; ¥112,53 
19/12/2017; ¥112,88 
20/12/2017; ¥113,38 
21/12/2017; ¥113,32 
22/12/2017; ¥113,26 
25/12/2017; ¥113,25 
26/12/2017; ¥113,22 
27/12/2017; ¥113,34 
28/12/2017; ¥112,87 
29/12/2017; ¥112,67 
01/01/2018; ¥112,64 
02/01/2018; ¥112,28 
03/01/2018; ¥112,49 
04/01/2018; ¥112,74 
05/01/2018; ¥113,06 
08/01/2018; ¥113,08 
09/01/2018; ¥112,64 
10/01/2018; ¥111,42 
11/01/2018; ¥111,24 
12/01/2018; ¥111,03 
15/01/2018; ¥110,52 
16/01/2018; ¥110,44 
17/01/2018; ¥111,28 
18/01/2018; ¥111,09 
19/01/2018; ¥110,76 
22/01/2018; ¥110,91 
23/01/2018; ¥110,29 
24/01/2018; ¥109,21 
25/01/2018; ¥109,39 
26/01/2018; ¥108,70 
29/01/2018; ¥108,95 
30/01/2018; ¥108,76 
31/01/2018; ¥109,17 
01/02/2018; ¥109,39 
02/02/2018; ¥110,09 
05/02/2018; ¥109,09 
06/02/2018; ¥109,55 
07/02/2018; ¥109,31 
08/02/2018; ¥108,74 
09/02/2018; ¥108,78 
12/02/2018; ¥108,64 
13/02/2018; ¥107,82 
14/02/2018; ¥107,00 
15/02/2018; ¥106,11 
16/02/2018; ¥106,30 
19/02/2018; ¥106,59 
20/02/2018; ¥107,31 
21/02/2018; ¥107,76 
22/02/2018; ¥106,74 
23/02/2018; ¥106,88 
26/02/2018; ¥106,92 
27/02/2018; ¥107,31 
28/02/2018; ¥106,67 
01/03/2018; ¥106,23 
02/03/2018; ¥105,73 
05/03/2018; ¥106,19 
06/03/2018; ¥106,11 
07/03/2018; ¥106,06 
08/03/2018; ¥106,20 
09/03/2018; ¥106,77 
12/03/2018; ¥106,41 
13/03/2018; ¥106,56 
14/03/2018; ¥106,32 
15/03/2018; ¥106,33 
16/03/2018; ¥106,00 
19/03/2018; ¥106,08 
20/03/2018; ¥106,53 
21/03/2018; ¥106,04 
22/03/2018; ¥105,26 
23/03/2018; ¥104,72 
26/03/2018; ¥105,40 
27/03/2018; ¥105,33 
28/03/2018; ¥106,85 
29/03/2018; ¥106,42 
30/03/2018; ¥106,26 
02/04/2018; ¥105,88 
03/04/2018; ¥106,59 
04/04/2018; ¥106,77 
05/04/2018; ¥107,37 
06/04/2018; ¥106,91 
09/04/2018; ¥106,75 
10/04/2018; ¥107,19 
11/04/2018; ¥106,78 
12/04/2018; ¥107,32 
13/04/2018; ¥107,33 
16/04/2018; ¥107,10 
17/04/2018; ¥106,99 
18/04/2018; ¥107,23 
19/04/2018; ¥107,36 
20/04/2018; ¥107,65 
23/04/2018; ¥108,70 
24/04/2018; ¥108,81 
25/04/2018; ¥109,41 
26/04/2018; ¥109,29 
27/04/2018; ¥109,03 
30/04/2018; ¥109,33 
01/05/2018; ¥109,85 
02/05/2018; ¥109,83 
03/05/2018; ¥109,18 
04/05/2018; ¥109,11 
07/05/2018; ¥109,08 
08/05/2018; ¥109,11 
09/05/2018; ¥109,74 
10/05/2018; ¥109,38 
11/05/2018; ¥109,38 
14/05/2018; ¥109,65 
15/05/2018; ¥110,34 
16/05/2018; ¥110,38 
17/05/2018; ¥110,76 
18/05/2018; ¥110,74 
21/05/2018; ¥111,04 
22/05/2018; ¥110,88 
23/05/2018; ¥110,07 
24/05/2018; ¥109,24 
25/05/2018; ¥109,38 
28/05/2018; ¥109,41 
29/05/2018; ¥108,75 
30/05/2018; ¥108,90 
31/05/2018; ¥108,81 
01/06/2018; ¥109,53 
04/06/2018; ¥109,80 
05/06/2018; ¥109,78 
06/06/2018; ¥110,16 
07/06/2018; ¥109,69 
08/06/2018; ¥109,53 
11/06/2018; ¥110,02 
12/06/2018; ¥110,36 
13/06/2018; ¥110,32 
14/06/2018; ¥110,62 
15/06/2018; ¥110,66 
18/06/2018; ¥110,54 
19/06/2018; ¥110,04 
20/06/2018; ¥110,35 
21/06/2018; ¥109,98 
22/06/2018; ¥109,96 
25/06/2018; ¥109,76 
26/06/2018; ¥110,05 
27/06/2018; ¥110,25 
28/06/2018; ¥110,48 
29/06/2018; ¥110,66 
02/07/2018; ¥110,89 
03/07/2018; ¥110,58 
04/07/2018; ¥110,45 
05/07/2018; ¥110,61 
06/07/2018; ¥110,45 
09/07/2018; ¥110,84 
10/07/2018; ¥110,98 
11/07/2018; ¥112,00 
12/07/2018; ¥112,55 
13/07/2018; ¥112,36 
16/07/2018; ¥112,28 
17/07/2018; ¥112,85 
18/07/2018; ¥112,83 
19/07/2018; ¥112,45 
20/07/2018; ¥111,39 
23/07/2018; ¥111,33 
24/07/2018; ¥111,19 
25/07/2018; ¥110,97 
26/07/2018; ¥111,22 
27/07/2018; ¥111,03 
30/07/2018; ¥111,06 
31/07/2018; ¥111,86 
01/08/2018; ¥111,71 
02/08/2018; ¥111,65 
03/08/2018; ¥111,25 
06/08/2018; ¥111,40 
07/08/2018; ¥111,37 
08/08/2018; ¥110,97 
09/08/2018; ¥111,07 
10/08/2018; ¥110,92 
13/08/2018; ¥110,71 
14/08/2018; ¥111,14 
15/08/2018; ¥110,73 
16/08/2018; ¥110,88 
17/08/2018; ¥110,49 
20/08/2018; ¥110,06 
21/08/2018; ¥110,29 
22/08/2018; ¥110,54 
23/08/2018; ¥111,28 
24/08/2018; ¥111,22 
27/08/2018; ¥111,08 
28/08/2018; ¥111,18 
29/08/2018; ¥111,65 
30/08/2018; ¥110,96 
31/08/2018; ¥111,02 
03/09/2018; ¥111,07 
04/09/2018; ¥111,44 
05/09/2018; ¥111,52 
06/09/2018; ¥110,74 
07/09/2018; ¥111,05 
10/09/2018; ¥111,11 
11/09/2018; ¥111,62 
12/09/2018; ¥111,25 
13/09/2018; ¥111,92 
14/09/2018; ¥112,04 
17/09/2018; ¥111,83 
18/09/2018; ¥112,35 
19/09/2018; ¥112,27 
20/09/2018; ¥112,48 
21/09/2018; ¥112,56 
24/09/2018; ¥112,79 
25/09/2018; ¥112,97 
26/09/2018; ¥112,72 
27/09/2018; ¥113,36 
28/09/2018; ¥113,68 
01/10/2018; ¥113,91 
02/10/2018; ¥113,66 
03/10/2018; ¥114,53 
04/10/2018; ¥113,90 
05/10/2018; ¥113,70 
08/10/2018; ¥113,23 
09/10/2018; ¥112,94 
10/10/2018; ¥112,27 
11/10/2018; ¥112,16 
12/10/2018; ¥112,19 
15/10/2018; ¥111,76 
16/10/2018; ¥112,25 
17/10/2018; ¥112,64 
18/10/2018; ¥112,18 
19/10/2018; ¥112,54 
22/10/2018; ¥112,80 
23/10/2018; ¥112,43 
24/10/2018; ¥112,25 
25/10/2018; ¥112,40 
26/10/2018; ¥111,89 
29/10/2018; ¥112,36 
30/10/2018; ¥113,08 
31/10/2018; ¥112,93 
01/11/2018; ¥112,70 
02/11/2018; ¥113,18 
05/11/2018; ¥113,18 
06/11/2018; ¥113,42 
07/11/2018; ¥113,51 
08/11/2018; ¥114,06 
09/11/2018; ¥113,82 
12/11/2018; ¥113,83 
13/11/2018; ¥113,80 
14/11/2018; ¥113,61 
15/11/2018; ¥113,62 
16/11/2018; ¥112,82 
19/11/2018; ¥112,54 
20/11/2018; ¥112,75 
21/11/2018; ¥113,05 
22/11/2018; ¥112,93 
23/11/2018; ¥112,94 
26/11/2018; ¥113,59 
27/11/2018; ¥113,77 
28/11/2018; ¥113,68 
29/11/2018; ¥113,47 
30/11/2018; ¥113,46 
03/12/2018; ¥113,65 
04/12/2018; ¥112,77 
05/12/2018; ¥113,19 
06/12/2018; ¥112,66 
07/12/2018; ¥112,72 
10/12/2018; ¥113,33 
11/12/2018; ¥113,37 
12/12/2018; ¥113,27 
13/12/2018; ¥113,62 
14/12/2018; ¥113,37 
17/12/2018; ¥112,82 
18/12/2018; ¥112,51 
19/12/2018; ¥112,47 
20/12/2018; ¥111,28 
21/12/2018; ¥111,21 
24/12/2018; ¥110,43 
25/12/2018; ¥110,27 
26/12/2018; ¥111,35 
27/12/2018; ¥110,99 
28/12/2018; ¥110,26 
31/12/2018; ¥109,56 
01/01/2019; ¥109,71 
02/01/2019; ¥108,87 
03/01/2019; ¥107,65 
04/01/2019; ¥108,52 
07/01/2019; ¥108,70 
08/01/2019; ¥108,73 
09/01/2019; ¥108,16 
10/01/2019; ¥108,42 
11/01/2019; ¥108,54 
14/01/2019; ¥108,16 
15/01/2019; ¥108,66 
16/01/2019; ¥109,08 
17/01/2019; ¥109,23 
18/01/2019; ¥109,76 
21/01/2019; ¥109,66 
23/01/2019; ¥109,59 
24/01/2019; ¥109,63 
25/01/2019; ¥109,53 
28/01/2019; ¥109,34 
29/01/2019; ¥109,38 
30/01/2019; ¥109,02 
31/01/2019; ¥108,87 
01/02/2019; ¥109,48 
04/02/2019; ¥109,88 
05/02/2019; ¥109,96 
06/02/2019; ¥109,96 
07/02/2019; ¥109,80 
08/02/2019; ¥109,72 
11/02/2019; ¥110,36 
12/02/2019; ¥110,48 
13/02/2019; ¥110,99 
14/02/2019; ¥110,47 
15/02/2019; ¥110,48 
18/02/2019; ¥110,60 
19/02/2019; ¥110,61 
20/02/2019; ¥110,85 
21/02/2019; ¥110,69 
22/02/2019; ¥110,68 
25/02/2019; ¥111,06 
26/02/2019; ¥110,57 
27/02/2019; ¥110,98 
28/02/2019; ¥111,37 
01/03/2019; ¥111,90 
04/03/2019; ¥111,74 
05/03/2019; ¥111,89 
06/03/2019; ¥111,75 
07/03/2019; ¥111,58 
08/03/2019; ¥111,15 
11/03/2019; ¥111,19 
12/03/2019; ¥111,35 
13/03/2019; ¥111,15 
14/03/2019; ¥111,70 
15/03/2019; ¥111,45 
18/03/2019; ¥111,42 
19/03/2019; ¥111,37 
20/03/2019; ¥110,68 
21/03/2019; ¥110,80 
22/03/2019; ¥109,91 
25/03/2019; ¥109,95 
26/03/2019; ¥110,62 
27/03/2019; ¥110,51 
28/03/2019; ¥110,62 
29/03/2019; ¥110,84 
01/04/2019; ¥111,34 
02/04/2019; ¥111,31 
03/04/2019; ¥111,47 
04/04/2019; ¥111,65 
05/04/2019; ¥111,73 
08/04/2019; ¥111,47 
09/04/2019; ¥111,12 
10/04/2019; ¥111,00 
11/04/2019; ¥111,65 
12/04/2019; ¥112,02 
15/04/2019; ¥112,03 
16/04/2019; ¥111,99 
17/04/2019; ¥112,05 
18/04/2019; ¥111,96 
19/04/2019; ¥111,91 
22/04/2019; ¥111,93 
23/04/2019; ¥111,86 
24/04/2019; ¥112,17 
25/04/2019; ¥111,62 
26/04/2019; ¥111,58 
29/04/2019; ¥111,63 
30/04/2019; ¥111,41 
01/05/2019; ¥111,37 
02/05/2019; ¥111,50 
03/05/2019; ¥111,09 
06/05/2019; ¥110,76 
07/05/2019; ¥110,24 
08/05/2019; ¥110,10 
09/05/2019; ¥109,75 
10/05/2019; ¥109,94 
13/05/2019; ¥109,30 
14/05/2019; ¥109,59 
16/05/2019; ¥109,84 
17/05/2019; ¥110,07 
20/05/2019; ¥110,05 
21/05/2019; ¥110,49 
22/05/2019; ¥110,34 
23/05/2019; ¥109,59 
24/05/2019; ¥109,29 
27/05/2019; ¥109,50 
28/05/2019; ¥109,36 
29/05/2019; ¥109,58 
30/05/2019; ¥109,60 
31/05/2019; ¥108,26 
03/06/2019; ¥108,06 
04/06/2019; ¥108,14 
05/06/2019; ¥108,45 
06/06/2019; ¥108,40 
07/06/2019; ¥108,18 
10/06/2019; ¥108,43 
11/06/2019; ¥108,50 
12/06/2019; ¥108,49 
13/06/2019; ¥108,37 
14/06/2019; ¥108,55 
17/06/2019; ¥108,55 
18/06/2019; ¥108,44 
19/06/2019; ¥108,09 
20/06/2019; ¥107,29 
21/06/2019; ¥107,30 
24/06/2019; ¥107,28 
25/06/2019; ¥107,17 
26/06/2019; ¥107,77 
27/06/2019; ¥107,78 
28/06/2019; ¥107,88 
01/07/2019; ¥108,43 
02/07/2019; ¥107,88 
03/07/2019; ¥107,82 
04/07/2019; ¥107,79 
05/07/2019; ¥108,45 
08/07/2019; ¥108,71 
09/07/2019; ¥108,84 
10/07/2019; ¥108,46 
11/07/2019; ¥108,48 
12/07/2019; ¥107,89 
15/07/2019; ¥107,90 
16/07/2019; ¥108,22 
17/07/2019; ¥107,94 
18/07/2019; ¥107,29 
19/07/2019; ¥107,70 
22/07/2019; ¥107,86 
23/07/2019; ¥108,21 
24/07/2019; ¥108,17 
25/07/2019; ¥108,62 
26/07/2019; ¥108,66 
29/07/2019; ¥108,77 
30/07/2019; ¥108,59 
31/07/2019; ¥108,74 
01/08/2019; ¥107,33 
02/08/2019; ¥106,58 
05/08/2019; ¥105,94 
06/08/2019; ¥106,47 
07/08/2019; ¥106,26 
08/08/2019; ¥106,06 
09/08/2019; ¥105,66 
12/08/2019; ¥105,29 
13/08/2019; ¥106,73 
14/08/2019; ¥105,89 
15/08/2019; ¥106,11 
16/08/2019; ¥106,36 
19/08/2019; ¥106,62 
20/08/2019; ¥106,22 
21/08/2019; ¥106,61 
22/08/2019; ¥106,42 
23/08/2019; ¥105,39 
26/08/2019; ¥106,12 
27/08/2019; ¥105,72 
28/08/2019; ¥106,11 
29/08/2019; ¥106,50 
30/08/2019; ¥106,29 
02/09/2019; ¥106,21 
03/09/2019; ¥105,92 
04/09/2019; ¥106,38 
05/09/2019; ¥106,92 
06/09/2019; ¥106,90 
09/09/2019; ¥107,23 
10/09/2019; ¥107,53 
11/09/2019; ¥107,81 
12/09/2019; ¥108,09 
13/09/2019; ¥108,07 
16/09/2019; ¥108,12 
17/09/2019; ¥108,12 
18/09/2019; ¥108,44 
19/09/2019; ¥108,00 
20/09/2019; ¥107,55 
23/09/2019; ¥107,54 
24/09/2019; ¥107,05 
25/09/2019; ¥107,76 
26/09/2019; ¥107,82 
27/09/2019; ¥107,92 
30/09/2019; ¥108,06 
01/10/2019; ¥107,74 
02/10/2019; ¥107,17 
03/10/2019; ¥106,90 
04/10/2019; ¥106,93 
07/10/2019; ¥107,28 
08/10/2019; ¥107,07 
09/10/2019; ¥107,46 
10/10/2019; ¥107,96 
11/10/2019; ¥108,40 
14/10/2019; ¥108,38 
15/10/2019; ¥108,84 
16/10/2019; ¥108,75 
17/10/2019; ¥108,65 
18/10/2019; ¥108,42 
21/10/2019; ¥108,59 
22/10/2019; ¥108,47 
23/10/2019; ¥108,68 
24/10/2019; ¥108,61 
25/10/2019; ¥108,64 
28/10/2019; ¥108,94 
29/10/2019; ¥108,87 
30/10/2019; ¥108,83 
31/10/2019; ¥108,02 
01/11/2019; ¥108,17 
04/11/2019; ¥108,56 
05/11/2019; ¥109,15 
06/11/2019; ¥108,96 
07/11/2019; ¥109,27 
08/11/2019; ¥109,27 
11/11/2019; ¥109,04 
12/11/2019; ¥109,00 
13/11/2019; ¥108,81 
14/11/2019; ¥108,39 
15/11/2019; ¥108,73 
18/11/2019; ¥108,66 
19/11/2019; ¥108,53 
20/11/2019; ¥108,60 
21/11/2019; ¥108,63 
22/11/2019; ¥108,64 
25/11/2019; ¥108,90 
26/11/2019; ¥109,03 
27/11/2019; ¥109,55 
28/11/2019; ¥109,50 
29/11/2019; ¥109,51 
02/12/2019; ¥108,98 
03/12/2019; ¥108,62 
04/12/2019; ¥108,85 
05/12/2019; ¥108,75 
06/12/2019; ¥108,59 
09/12/2019; ¥108,55 
10/12/2019; ¥108,70 
11/12/2019; ¥108,54 
12/12/2019; ¥109,29 
13/12/2019; ¥109,36 
16/12/2019; ¥109,49 
17/12/2019; ¥109,47 
18/12/2019; ¥109,53 
19/12/2019; ¥109,37 
20/12/2019; ¥109,44 
23/12/2019; ¥109,39 
24/12/2019; ¥109,39 
25/12/2019; ¥109,35 
26/12/2019; ¥109,63 
27/12/2019; ¥109,41 
30/12/2019; ¥108,86 
31/12/2019; ¥108,61 
01/01/2020; ¥108,70 
02/01/2020; ¥108,57 
03/01/2020; ¥108,08 
06/01/2020; ¥108,36 
07/01/2020; ¥108,42 
08/01/2020; ¥109,12 
09/01/2020; ¥109,51 
10/01/2020; ¥109,46 
13/01/2020; ¥109,93 
14/01/2020; ¥109,97 
15/01/2020; ¥109,88 
16/01/2020; ¥110,14 
17/01/2020; ¥110,14 
20/01/2020; ¥110,18 
21/01/2020; ¥109,86 
22/01/2020; ¥109,83 
23/01/2020; ¥109,48 
24/01/2020; ¥109,27 
27/01/2020; ¥108,89 
28/01/2020; ¥109,13 
29/01/2020; ¥108,99 
30/01/2020; ¥108,95 
31/01/2020; ¥108,38 
03/02/2020; ¥108,67 
04/02/2020; ¥109,51 
05/02/2020; ¥109,80 
06/02/2020; ¥109,99 
07/02/2020; ¥109,72 
10/02/2020; ¥109,74 
11/02/2020; ¥109,77 
12/02/2020; ¥110,08 
13/02/2020; ¥109,81 
14/02/2020; ¥109,74 
17/02/2020; ¥109,88 
18/02/2020; ¥109,86 
19/02/2020; ¥111,35 
20/02/2020; ¥112,11 
21/02/2020; ¥111,57 
24/02/2020; ¥110,71 
25/02/2020; ¥110,18 
26/02/2020; ¥110,42 
27/02/2020; ¥109,58 
28/02/2020; ¥108,07 
02/03/2020; ¥108,30 
03/03/2020; ¥107,12 
04/03/2020; ¥107,52 
05/03/2020; ¥106,16 
06/03/2020; ¥105,30 
09/03/2020; ¥102,34 
10/03/2020; ¥105,63 
11/03/2020; ¥104,53 
12/03/2020; ¥104,63 
13/03/2020; ¥107,91 
16/03/2020; ¥105,85 
17/03/2020; ¥107,67 
18/03/2020; ¥108,06 
19/03/2020; ¥110,69 
20/03/2020; ¥110,80 
23/03/2020; ¥111,20 
24/03/2020; ¥111,21 
25/03/2020; ¥111,19 
26/03/2020; ¥109,58 
27/03/2020; ¥107,89 
30/03/2020; ¥107,81 
31/03/2020; ¥107,53 
01/04/2020; ¥107,15 
02/04/2020; ¥107,90 
03/04/2020; ¥108,45 
06/04/2020; ¥109,20 
07/04/2020; ¥108,70 
08/04/2020; ¥108,81 
09/04/2020; ¥108,46 
10/04/2020; ¥108,46 
13/04/2020; ¥107,76 
14/04/2020; ¥107,20 
15/04/2020; ¥107,47 
16/04/2020; ¥107,94 
17/04/2020; ¥107,51 
20/04/2020; ¥107,61 
21/04/2020; ¥107,76 
22/04/2020; ¥107,72 
23/04/2020; ¥107,58 
24/04/2020; ¥107,50 
27/04/2020; ¥107,22 
28/04/2020; ¥106,86 
29/04/2020; ¥106,70 
30/04/2020; ¥107,17 
01/05/2020; ¥106,93 
04/05/2020; ¥106,73 
05/05/2020; ¥106,58 
06/05/2020; ¥106,14 
07/05/2020; ¥106,27 
08/05/2020; ¥106,65 
11/05/2020; ¥107,66 
12/05/2020; ¥107,13 
13/05/2020; ¥107,02 
14/05/2020; ¥107,24 
15/05/2020; ¥107,02 
18/05/2020; ¥107,33 
19/05/2020; ¥107,68 
20/05/2020; ¥107,51 
21/05/2020; ¥107,61 
22/05/2020; ¥107,61 
25/05/2020; ¥107,69 
26/05/2020; ¥107,52 
27/05/2020; ¥107,71 
28/05/2020; ¥107,63 
29/05/2020; ¥107,77 
01/06/2020; ¥107,58 
02/06/2020; ¥108,66 
03/06/2020; ¥108,89 
04/06/2020; ¥109,13 
05/06/2020; ¥109,58 
08/06/2020; ¥108,42 
09/06/2020; ¥107,72 
10/06/2020; ¥107,09 
11/06/2020; ¥106,85 
12/06/2020; ¥107,34 
15/06/2020; ¥107,31 
16/06/2020; ¥107,32 
17/06/2020; ¥107,00 
18/06/2020; ¥106,96 
19/06/2020; ¥106,87 
22/06/2020; ¥106,87 
23/06/2020; ¥106,51 
24/06/2020; ¥107,02 
25/06/2020; ¥107,19 
26/06/2020; ¥107,21 
29/06/2020; ¥107,56 
30/06/2020; ¥107,92 
01/07/2020; ¥107,46 
02/07/2020; ¥107,48 
03/07/2020; ¥107,50 
06/07/2020; ¥107,35 
07/07/2020; ¥107,51 
08/07/2020; ¥107,25 
09/07/2020; ¥107,19 
10/07/2020; ¥106,89 
13/07/2020; ¥107,26 
14/07/2020; ¥107,23 
15/07/2020; ¥106,92 
16/07/2020; ¥107,26 
17/07/2020; ¥106,99 
20/07/2020; ¥107,24 
21/07/2020; ¥106,76 
22/07/2020; ¥107,14 
23/07/2020; ¥106,85 
24/07/2020; ¥106,12 
27/07/2020; ¥105,37 
28/07/2020; ¥105,08 
29/07/2020; ¥104,91 
30/07/2020; ¥104,72 
31/07/2020; ¥105,88 
03/08/2020; ¥105,94 
04/08/2020; ¥105,70 
05/08/2020; ¥105,57 
06/08/2020; ¥105,54 
07/08/2020; ¥105,91 
10/08/2020; ¥105,95 
11/08/2020; ¥106,48 
12/08/2020; ¥106,89 
13/08/2020; ¥106,92 
14/08/2020; ¥106,59 
17/08/2020; ¥105,99 
18/08/2020; ¥105,42 
19/08/2020; ¥106,10 
20/08/2020; ¥105,79 
21/08/2020; ¥105,78 
24/08/2020; ¥105,97 
25/08/2020; ¥106,36 
26/08/2020; ¥105,98 
27/08/2020; ¥106,55 
28/08/2020; ¥105,34 
31/08/2020; ¥105,89 
01/09/2020; ¥105,95 
02/09/2020; ¥106,18 
03/09/2020; ¥106,17 
04/09/2020; ¥106,23 
07/09/2020; ¥106,25 
08/09/2020; ¥106,01 
09/09/2020; ¥106,17 
10/09/2020; ¥106,13 
11/09/2020; ¥106,14 
14/09/2020; ¥105,72 
15/09/2020; ¥105,43 
16/09/2020; ¥104,94 
17/09/2020; ¥104,73 
18/09/2020; ¥104,55 
21/09/2020; ¥104,64 
22/09/2020; ¥104,91 
23/09/2020; ¥105,37 
24/09/2020; ¥105,40 
25/09/2020; ¥105,60 
28/09/2020; ¥105,49 
29/09/2020; ¥105,64 
30/09/2020; ¥105,45 
01/10/2020; ¥105,50 
02/10/2020; ¥105,33 
05/10/2020; ¥105,72 
06/10/2020; ¥105,62 
07/10/2020; ¥105,96 
08/10/2020; ¥106,01 
09/10/2020; ¥105,59 
12/10/2020; ¥105,30 
13/10/2020; ¥105,47 
14/10/2020; ¥105,15 
15/10/2020; ¥105,44 
16/10/2020; ¥105,40 
19/10/2020; ¥105,42 
20/10/2020; ¥105,49 
21/10/2020; ¥104,56 
22/10/2020; ¥104,82 
23/10/2020; ¥104,69 
26/10/2020; ¥104,82 
27/10/2020; ¥104,40 
28/10/2020; ¥104,29 
29/10/2020; ¥104,61 
30/10/2020; ¥104,64 
02/11/2020; ¥104,71 
03/11/2020; ¥104,46 
04/11/2020; ¥104,48 
05/11/2020; ¥103,47 
06/11/2020; ¥103,33 
09/11/2020; ¥105,36 
10/11/2020; ¥105,28 
11/11/2020; ¥105,42 
12/11/2020; ¥105,12 
13/11/2020; ¥104,62 
16/11/2020; ¥104,56 
17/11/2020; ¥104,17 
18/11/2020; ¥103,83 
19/11/2020; ¥103,72 
20/11/2020; ¥103,85 
23/11/2020; ¥104,54 
24/11/2020; ¥104,43 
25/11/2020; ¥104,45 
26/11/2020; ¥104,25 
27/11/2020; ¥104,10 
30/11/2020; ¥104,27 
01/12/2020; ¥104,30 
02/12/2020; ¥104,40 
03/12/2020; ¥103,83 
04/12/2020; ¥104,14 
07/12/2020; ¥104,06 
08/12/2020; ¥104,15 
09/12/2020; ¥104,21 
10/12/2020; ¥104,20 
11/12/2020; ¥104,01 
14/12/2020; ¥104,03 
15/12/2020; ¥103,66 
16/12/2020; ¥103,48 
17/12/2020; ¥103,10 
18/12/2020; ¥103,31 
21/12/2020; ¥103,30 
22/12/2020; ¥103,63 
23/12/2020; ¥103,55 
24/12/2020; ¥103,63 
25/12/2020; ¥103,48 
28/12/2020; ¥103,78 
29/12/2020; ¥103,56 
30/12/2020; ¥103,17 
31/12/2020; ¥103,24 
01/01/2021; ¥103,20 
04/01/2021; ¥103,10 
05/01/2021; ¥102,72 
06/01/2021; ¥103,04 
07/01/2021; ¥103,80 
08/01/2021; ¥103,93 
11/01/2021; ¥104,24 
12/01/2021; ¥103,75 
13/01/2021; ¥103,85 
14/01/2021; ¥103,79 
15/01/2021; ¥103,87 
18/01/2021; ¥103,69 
19/01/2021; ¥103,89 
20/01/2021; ¥103,52 
21/01/2021; ¥103,48 
22/01/2021; ¥103,77 
25/01/2021; ¥103,73 
26/01/2021; ¥103,60 
27/01/2021; ¥104,09 
28/01/2021; ¥104,21 
29/01/2021; ¥104,68 
01/02/2021; ¥104,91 
02/02/2021; ¥104,97 
03/02/2021; ¥105,01 
04/02/2021; ¥105,54 
05/02/2021; ¥105,36 
08/02/2021; ¥105,22 
09/02/2021; ¥104,57 
10/02/2021; ¥104,57 
11/02/2021; ¥104,72 
12/02/2021; ¥104,93 
15/02/2021; ¥105,36 
16/02/2021; ¥106,04 
17/02/2021; ¥105,85 
18/02/2021; ¥105,66 
19/02/2021; ¥105,43 
22/02/2021; ¥105,06 
23/02/2021; ¥105,24 
24/02/2021; ¥105,86 
25/02/2021; ¥106,21 
26/02/2021; ¥106,58 
01/03/2021; ¥106,75 
02/03/2021; ¥106,67 
03/03/2021; ¥106,99 
04/03/2021; ¥107,97 
05/03/2021; ¥108,34 
08/03/2021; ¥108,86 
09/03/2021; ¥108,46 
10/03/2021; ¥108,38 
11/03/2021; ¥108,49 
12/03/2021; ¥109,00 
15/03/2021; ¥109,12 
16/03/2021; ¥108,98 
17/03/2021; ¥108,83 
18/03/2021; ¥108,88 
19/03/2021; ¥108,87 
22/03/2021; ¥108,83 
23/03/2021; ¥108,56 
24/03/2021; ¥108,72 
25/03/2021; ¥109,17 
26/03/2021; ¥109,64 
29/03/2021; ¥109,78 
30/03/2021; ¥110,34 
31/03/2021; ¥110,70 
01/04/2021; ¥110,60 
02/04/2021; ¥110,71 
05/04/2021; ¥110,17 
06/04/2021; ¥109,74 
07/04/2021; ¥109,84 
08/04/2021; ¥109,24 
09/04/2021; ¥109,65 
12/04/2021; ¥109,37 
13/04/2021; ¥109,05 
14/04/2021; ¥108,91 
15/04/2021; ¥108,74 
16/04/2021; ¥108,77 
19/04/2021; ¥108,15 
20/04/2021; ¥108,08 
21/04/2021; ¥108,05 
22/04/2021; ¥107,96 
23/04/2021; ¥107,91 
26/04/2021; ¥108,08 
27/04/2021; ¥108,68 
28/04/2021; ¥108,59 
29/04/2021; ¥108,91 
30/04/2021; ¥109,27 
03/05/2021; ¥109,06 
04/05/2021; ¥109,33 
05/05/2021; ¥109,18 
06/05/2021; ¥109,08 
07/05/2021; ¥108,60 
10/05/2021; ¥108,78 
11/05/2021; ¥108,61 
12/05/2021; ¥109,65 
13/05/2021; ¥109,45 
14/05/2021; ¥109,34 
17/05/2021; ¥109,19 
18/05/2021; ¥108,88 
19/05/2021; ¥109,21 
20/05/2021; ¥108,75 
21/05/2021; ¥108,94 
24/05/2021; ¥108,74 
25/05/2021; ¥108,76 
26/05/2021; ¥109,14 
27/05/2021; ¥109,80 
28/05/2021; ¥109,81 
31/05/2021; ¥109,54 
01/06/2021; ¥109,45 
02/06/2021; ¥109,54 
03/06/2021; ¥110,28 
04/06/2021; ¥109,49 
07/06/2021; ¥109,24 
08/06/2021; ¥109,49 
09/06/2021; ¥109,61 
10/06/2021; ¥109,31 
11/06/2021; ¥109,65 
14/06/2021; ¥110,06 
15/06/2021; ¥110,07 
16/06/2021; ¥110,69 
17/06/2021; ¥110,20 
18/06/2021; ¥110,19 
21/06/2021; ¥110,30 
22/06/2021; ¥110,64 
23/06/2021; ¥110,94 
24/06/2021; ¥110,86 
25/06/2021; ¥110,77 
28/06/2021; ¥110,62 
29/06/2021; ¥110,50 
30/06/2021; ¥111,10 
01/07/2021; ¥111,50 
02/07/2021; ¥111,04 
05/07/2021; ¥110,96 
06/07/2021; ¥110,60 
07/07/2021; ¥110,65 
08/07/2021; ¥109,79 
09/07/2021; ¥110,14 
12/07/2021; ¥110,35 
13/07/2021; ¥110,61 
14/07/2021; ¥109,99 
15/07/2021; ¥109,86 
16/07/2021; ¥110,08 
19/07/2021; ¥109,44 
20/07/2021; ¥109,84 
21/07/2021; ¥110,27 
22/07/2021; ¥110,14 
23/07/2021; ¥110,54 
26/07/2021; ¥110,34 
27/07/2021; ¥109,76 
28/07/2021; ¥109,90 
29/07/2021; ¥109,46 
30/07/2021; ¥109,70 
02/08/2021; ¥109,28 
03/08/2021; ¥109,04 
04/08/2021; ¥109,47 
05/08/2021; ¥109,74 
06/08/2021; ¥110,25 
09/08/2021; ¥110,28 
10/08/2021; ¥110,56 
11/08/2021; ¥110,40 
12/08/2021; ¥110,38 
13/08/2021; ¥109,57 
16/08/2021; ¥109,23 
17/08/2021; ¥109,57 
18/08/2021; ¥109,74 
19/08/2021; ¥109,72 
20/08/2021; ¥109,80 
23/08/2021; ¥109,68 
24/08/2021; ¥109,62 
25/08/2021; ¥109,99 
26/08/2021; ¥110,07 
27/08/2021; ¥109,82 
30/08/2021; ¥109,92 
31/08/2021; ¥110,02 
01/09/2021; ¥109,99 
02/09/2021; ¥109,92 
03/09/2021; ¥109,73 
06/09/2021; ¥109,83 
07/09/2021; ¥110,27 
08/09/2021; ¥110,23 
09/09/2021; ¥109,70 
10/09/2021; ¥109,93 
13/09/2021; ¥109,98 
14/09/2021; ¥109,67 
15/09/2021; ¥109,36 
16/09/2021; ¥109,70 
17/09/2021; ¥109,96 
20/09/2021; ¥109,39 
21/09/2021; ¥109,21 
22/09/2021; ¥109,78 
23/09/2021; ¥110,30 
24/09/2021; ¥110,72 
27/09/2021; ¥111,00 
28/09/2021; ¥111,50 
29/09/2021; ¥111,96 
30/09/2021; ¥111,27 
01/10/2021; ¥111,05 
04/10/2021; ¥110,87 
05/10/2021; ¥111,45 
06/10/2021; ¥111,41 
07/10/2021; ¥111,59 
08/10/2021; ¥112,22 
11/10/2021; ¥113,30 
12/10/2021; ¥113,60 
13/10/2021; ¥113,23 
14/10/2021; ¥113,66 
15/10/2021; ¥114,20 
18/10/2021; ¥114,31 
19/10/2021; ¥114,36 
20/10/2021; ¥114,26 
21/10/2021; ¥113,97 
22/10/2021; ¥113,46 
25/10/2021; ¥113,70 
26/10/2021; ¥114,14 
27/10/2021; ¥113,81 
28/10/2021; ¥113,56 
29/10/2021; ¥114,00 
01/11/2021; ¥113,98 
02/11/2021; ¥113,95 
03/11/2021; ¥113,98 
04/11/2021; ¥113,75 
05/11/2021; ¥113,40 
08/11/2021; ¥113,22 
09/11/2021; ¥112,85 
10/11/2021; ¥113,90 
11/11/2021; ¥114,05 
12/11/2021; ¥113,85 
15/11/2021; ¥114,12 
16/11/2021; ¥114,82 
17/11/2021; ¥114,07 
18/11/2021; ¥114,24 
19/11/2021; ¥113,98 
22/11/2021; ¥114,86 
23/11/2021; ¥115,12 
24/11/2021; ¥115,41 
25/11/2021; ¥115,35 
26/11/2021; ¥113,31 
29/11/2021; ¥113,52 
30/11/2021; ¥113,13 
01/12/2021; ¥112,75 
02/12/2021; ¥113,15 
03/12/2021; ¥112,80 
06/12/2021; ¥113,46 
07/12/2021; ¥113,57 
08/12/2021; ¥113,66 
09/12/2021; ¥113,44 
10/12/2021; ¥113,38 
13/12/2021; ¥113,56 
14/12/2021; ¥113,71 
15/12/2021; ¥114,02 
16/12/2021; ¥113,70 
17/12/2021; ¥113,67 
20/12/2021; ¥113,58 
21/12/2021; ¥114,08 
22/12/2021; ¥114,11 
23/12/2021; ¥114,37 
24/12/2021; ¥114,41 
27/12/2021; ¥114,83 
28/12/2021; ¥114,81 
29/12/2021; ¥114,94 
30/12/2021; ¥115,06 
31/12/2021; ¥115,08 
03/01/2022; ¥115,32 
04/01/2022; ¥116,14 
05/01/2022; ¥116,10 
06/01/2022; ¥115,82 
07/01/2022; ¥115,55 
